Attendance Date,Employee Code,Department,Begin Time,End Time,In Time,Out Time,Duration,LateBy,EarlyBy,LeaveType,Leave Status,Punch Records,Over Time,Att Status,Status Code,Employee Device Code
16-May-2018,1,Default,09:30,18:30,09:24:13,19:15:43,09:00,00:00,00:00,,0,09:24:13(in);19:15:43(in);,52,Present,P,1
17-May-2018,1,Default,09:30,18:30,09:24:06,,00:00,00:00,00:00,,0,09:24:06(in);,0,Present,P,1
16-May-2018,2,Default,09:30,18:30,,,00:00,00:00,00:00,,0,,0,Absent,A,2
17-May-2018,2,Default,09:30,18:30,,,00:00,00:00,00:00,,0,,0,Absent,A,2
16-May-2018,3,Default,09:30,18:30,10:50:46,18:27:42,07:37,01:21,00:00,,0,10:50:46(in);18:27:42(in);,0,1/2Present,1/2P,3
17-May-2018,3,Default,09:30,18:30,10:33:10,,00:00,01:03,00:00,,0,10:33:10(in);,0,Present,P,3
16-May-2018,4,Default,09:30,18:30,10:42:35,19:47:24,09:00,01:13,00:00,,0,10:42:35(in);19:47:24(in);,0,Present,P,4
17-May-2018,4,Default,09:30,18:30,10:30:39,,00:00,01:01,00:00,,0,10:30:39(in);,0,Present,P,4
16-May-2018,5,Default,09:30,18:30,,,00:00,00:00,00:00,,0,,0,Absent,A,5
17-May-2018,5,Default,09:30,18:30,,,00:00,00:00,00:00,,0,,0,Absent,A,5
16-May-2018,6,Default,09:30,18:30,09:05:58,18:08:10,09:00,00:00,00:22,,0,09:05:58(in);18:08:10(in);,0,Present,P,6
17-May-2018,6,Default,09:30,18:30,09:05:43,,00:00,00:00,00:00,,0,09:05:43(in);,0,Present,P,6
16-May-2018,7,Default,09:30,18:30,,,00:00,00:00,00:00,,0,,0,Absent,A,7
17-May-2018,7,Default,09:30,18:30,,,00:00,00:00,00:00,,0,,0,Absent,A,7
16-May-2018,8,Default,09:30,18:30,08:56:20,18:19:24,09:00,00:00,00:00,,0,08:56:20(in);18:19:24(in);,23,Present,P,8
17-May-2018,8,Default,09:30,18:30,08:57:37,,00:00,00:00,00:00,,0,08:57:37(in);,0,Present,P,8
16-May-2018,9,Default,09:30,18:30,,,00:00,00:00,00:00,,0,,0,Absent,A,9
17-May-2018,9,Default,09:30,18:30,,,00:00,00:00,00:00,,0,,0,Absent,A,9
16-May-2018,10,Default,09:30,18:30,,,00:00,00:00,00:00,,0,,0,Absent,A,10
17-May-2018,10,Default,09:30,18:30,,,00:00,00:00,00:00,,0,,0,Absent,A,10
16-May-2018,11,Default,09:30,18:30,,,00:00,00:00,00:00,,0,,0,Absent,A,11
17-May-2018,11,Default,09:30,18:30,,,00:00,00:00,00:00,,0,,0,Absent,A,11
16-May-2018,12,Default,09:30,18:30,,,00:00,00:00,00:00,,0,,0,Absent,A,12
17-May-2018,12,Default,09:30,18:30,,,00:00,00:00,00:00,,0,,0,Absent,A,12
16-May-2018,13,Default,09:30,18:30,,,00:00,00:00,00:00,,0,,0,Absent,A,13
17-May-2018,13,Default,09:30,18:30,,,00:00,00:00,00:00,,0,,0,Absent,A,13
16-May-2018,14,Default,09:30,18:30,,,00:00,00:00,00:00,,0,,0,Absent,A,14
17-May-2018,14,Default,09:30,18:30,,,00:00,00:00,00:00,,0,,0,Absent,A,14
16-May-2018,15,Default,09:30,18:30,,,00:00,00:00,00:00,,0,,0,Absent,A,15
17-May-2018,15,Default,09:30,18:30,,,00:00,00:00,00:00,,0,,0,Absent,A,15
16-May-2018,16,Default,09:30,18:30,11:27:49,18:38:13,07:10,01:58,00:00,,0,11:27:49(in);18:38:13(in);,0,1/2Present,1/2P,16
17-May-2018,16,Default,09:30,18:30,12:34:50,,00:00,03:05,00:00,,0,12:34:50(in);,0,Present,P,16
16-May-2018,17,Default,09:30,18:30,,,00:00,00:00,00:00,,0,,0,Absent,A,17
17-May-2018,17,Default,09:30,18:30,,,00:00,00:00,00:00,,0,,0,Absent,A,17
16-May-2018,18,Default,09:30,18:30,09:27:11,19:49:35,09:00,00:00,00:00,,0,09:27:11(in);19:49:35(in);,82,Present,P,18
17-May-2018,18,Default,09:30,18:30,09:26:17,,00:00,00:00,00:00,,0,09:26:17(in);,0,Present,P,18
16-May-2018,19,Default,09:30,18:30,,,00:00,00:00,00:00,,0,,0,Absent,A,19
17-May-2018,19,Default,09:30,18:30,,,00:00,00:00,00:00,,0,,0,Absent,A,19
16-May-2018,20,Default,09:30,18:30,09:37:35,18:36:28,08:59,00:00,00:00,,0,09:37:35(in);18:36:28(in);,0,Present,P,20
17-May-2018,20,Default,09:30,18:30,09:34:50,15:04:37,05:30,00:00,03:25,,0,09:34:50(in);15:04:37(in);,0,1/2Present,1/2P,20
16-May-2018,21,Default,09:30,18:30,,,00:00,00:00,00:00,,0,,0,Absent,A,21
17-May-2018,21,Default,09:30,18:30,,,00:00,00:00,00:00,,0,,0,Absent,A,21
16-May-2018,22,Default,09:30,18:30,09:20:48,18:40:38,09:00,00:00,00:00,,0,09:20:48(in);18:40:38(in);,20,Present,P,22
17-May-2018,22,Default,09:30,18:30,09:34:53,,00:00,00:00,00:00,,0,09:34:53(in);,0,Present,P,22
16-May-2018,23,Default,09:30,18:30,,,00:00,00:00,00:00,,0,,0,Absent,A,23
17-May-2018,23,Default,09:30,18:30,,,00:00,00:00,00:00,,0,,0,Absent,A,23
16-May-2018,24,Default,09:30,18:30,,,00:00,00:00,00:00,,0,,0,Absent,A,24
17-May-2018,24,Default,09:30,18:30,,,00:00,00:00,00:00,,0,,0,Absent,A,24
16-May-2018,25,Default,09:30,18:30,,,00:00,00:00,00:00,,0,,0,Absent,A,25
17-May-2018,25,Default,09:30,18:30,,,00:00,00:00,00:00,,0,,0,Absent,A,25
16-May-2018,26,Default,09:30,18:30,10:08:39,18:55:48,08:47,00:39,00:00,,0,10:08:39(in);18:55:48(in);,0,Present,P,26
17-May-2018,26,Default,09:30,18:30,10:05:31,,00:00,00:36,00:00,,0,10:05:31(in);,0,Present,P,26
16-May-2018,27,Default,09:30,18:30,,,00:00,00:00,00:00,,0,,0,Absent,A,27
17-May-2018,27,Default,09:30,18:30,,,00:00,00:00,00:00,,0,,0,Absent,A,27
16-May-2018,28,Default,09:30,18:30,09:24:08,18:36:14,09:00,00:00,00:00,,0,09:24:08(in);18:36:14(in);,12,Present,P,28
17-May-2018,28,Default,09:30,18:30,09:29:25,,00:00,00:00,00:00,,0,09:29:25(in);,0,Present,P,28
16-May-2018,29,Default,09:30,18:30,09:46:10,18:37:19,08:51,00:16,00:00,,0,09:46:10(in);18:37:19(in);,0,Present,P,29
17-May-2018,29,Default,09:30,18:30,09:52:16,,00:00,00:22,00:00,,0,09:52:16(in);,0,Present,P,29
16-May-2018,30,Default,09:30,18:30,,,00:00,00:00,00:00,,0,,0,Absent,A,30
17-May-2018,30,Default,09:30,18:30,,,00:00,00:00,00:00,,0,,0,Absent,A,30
16-May-2018,31,Default,09:30,18:30,,,00:00,00:00,00:00,,0,,0,Absent,A,31
17-May-2018,31,Default,09:30,18:30,,,00:00,00:00,00:00,,0,,0,Absent,A,31
16-May-2018,32,Default,09:30,18:30,09:51:48,,00:00,00:22,00:00,,0,09:51:48(in);,0,Present,P,32
17-May-2018,32,Default,09:30,18:30,08:55:58,,00:00,00:00,00:00,,0,08:55:58(in);,0,Present,P,32
16-May-2018,33,Default,09:30,18:30,,,00:00,00:00,00:00,,0,,0,Absent,A,33
17-May-2018,33,Default,09:30,18:30,,,00:00,00:00,00:00,,0,,0,Absent,A,33
16-May-2018,34,Default,09:30,18:30,,,00:00,00:00,00:00,,0,,0,Absent,A,34
17-May-2018,34,Default,09:30,18:30,,,00:00,00:00,00:00,,0,,0,Absent,A,34
16-May-2018,35,Default,09:30,18:30,11:25:33,19:49:49,08:24,01:56,00:00,,0,11:25:33(in);19:49:49(in);,0,Present,P,35
17-May-2018,35,Default,09:30,18:30,12:00:46,,00:00,02:31,00:00,,0,12:00:46(in);,0,Present,P,35
16-May-2018,36,Default,09:30,18:30,,,00:00,00:00,00:00,,0,,0,Absent,A,36
17-May-2018,36,Default,09:30,18:30,,,00:00,00:00,00:00,,0,,0,Absent,A,36
16-May-2018,37,Default,09:30,18:30,,,00:00,00:00,00:00,,0,,0,Absent,A,37
17-May-2018,37,Default,09:30,18:30,,,00:00,00:00,00:00,,0,,0,Absent,A,37
16-May-2018,38,Default,09:30,18:30,,,00:00,00:00,00:00,,0,,0,Absent,A,38
17-May-2018,38,Default,09:30,18:30,,,00:00,00:00,00:00,,0,,0,Absent,A,38
16-May-2018,39,Default,09:30,18:30,10:26:16,18:34:19,08:08,00:56,00:00,,0,10:26:16(in);18:34:19(in);,0,1/2Present,1/2P,39
17-May-2018,39,Default,09:30,18:30,10:21:05,,00:00,00:51,00:00,,0,10:21:05(in);,0,Present,P,39
16-May-2018,40,Default,09:30,18:30,,,00:00,00:00,00:00,,0,,0,Absent,A,40
17-May-2018,40,Default,09:30,18:30,,,00:00,00:00,00:00,,0,,0,Absent,A,40
16-May-2018,41,Default,09:30,18:30,,,00:00,00:00,00:00,,0,,0,Absent,A,41
17-May-2018,41,Default,09:30,18:30,,,00:00,00:00,00:00,,0,,0,Absent,A,41
16-May-2018,42,Default,09:30,18:30,,,00:00,00:00,00:00,,0,,0,Absent,A,42
17-May-2018,42,Default,09:30,18:30,,,00:00,00:00,00:00,,0,,0,Absent,A,42
16-May-2018,43,Default,09:30,18:30,08:52:28,18:54:48,09:00,00:00,00:00,,0,08:52:28(in);18:54:48(in);,62,Present,P,43
17-May-2018,43,Default,09:30,18:30,08:54:46,,00:00,00:00,00:00,,0,08:54:46(in);,0,Present,P,43
16-May-2018,44,Default,09:30,18:30,,,00:00,00:00,00:00,,0,,0,Absent,A,44
17-May-2018,44,Default,09:30,18:30,,,00:00,00:00,00:00,,0,,0,Absent,A,44
16-May-2018,45,Default,09:30,18:30,,,00:00,00:00,00:00,,0,,0,Absent,A,45
17-May-2018,45,Default,09:30,18:30,,,00:00,00:00,00:00,,0,,0,Absent,A,45
16-May-2018,46,Default,09:30,18:30,,,00:00,00:00,00:00,,0,,0,Absent,A,46
17-May-2018,46,Default,09:30,18:30,,,00:00,00:00,00:00,,0,,0,Absent,A,46
16-May-2018,47,Default,09:30,18:30,,,00:00,00:00,00:00,,0,,0,Absent,A,47
17-May-2018,47,Default,09:30,18:30,08:58:58,,00:00,00:00,00:00,,0,08:58:58(in);,0,Present,P,47
16-May-2018,48,Default,09:30,18:30,,,00:00,00:00,00:00,,0,,0,Absent,A,48
17-May-2018,48,Default,09:30,18:30,,,00:00,00:00,00:00,,0,,0,Absent,A,48
16-May-2018,49,Default,09:30,18:30,12:48:27,20:45:24,07:57,03:18,00:00,,0,12:48:27(in);20:45:24(in);,0,1/2Present,1/2P,49
17-May-2018,49,Default,09:30,18:30,11:51:51,,00:00,02:22,00:00,,0,11:51:51(in);,0,Present,P,49
16-May-2018,50,Default,09:30,18:30,,,00:00,00:00,00:00,,0,,0,Absent,A,50
17-May-2018,50,Default,09:30,18:30,,,00:00,00:00,00:00,,0,,0,Absent,A,50
16-May-2018,51,Default,09:30,18:30,09:50:51,18:35:17,08:44,00:21,00:00,,0,09:50:51(in);18:35:17(in);,0,Present,P,51
17-May-2018,51,Default,09:30,18:30,09:52:13,,00:00,00:22,00:00,,0,09:52:13(in);,0,Present,P,51
16-May-2018,52,Default,09:30,18:30,09:36:37,20:11:29,09:00,00:00,00:00,,0,09:36:37(in);20:11:29(in);,95,Present,P,52
17-May-2018,52,Default,09:30,18:30,08:55:52,,00:00,00:00,00:00,,0,08:55:52(in);,0,Present,P,52
16-May-2018,53,Default,09:30,18:30,,,00:00,00:00,00:00,,0,,0,Absent,A,53
17-May-2018,53,Default,09:30,18:30,09:27:55,,00:00,00:00,00:00,,0,09:27:55(in);,0,Present,P,53
16-May-2018,54,Default,09:30,18:30,09:03:42,18:34:38,09:00,00:00,00:00,,0,09:03:42(in);18:34:38(in);,31,Present,P,54
17-May-2018,54,Default,09:30,18:30,09:12:42,,00:00,00:00,00:00,,0,09:12:42(in);,0,Present,P,54
16-May-2018,55,Default,09:30,18:30,,,00:00,00:00,00:00,,0,,0,Absent,A,55
17-May-2018,55,Default,09:30,18:30,,,00:00,00:00,00:00,,0,,0,Absent,A,55
16-May-2018,56,Default,09:30,18:30,09:41:50,18:35:20,08:54,00:00,00:00,,0,09:41:50(in);18:35:20(in);,0,Present,P,56
17-May-2018,56,Default,09:30,18:30,09:56:40,,00:00,00:27,00:00,,0,09:56:40(in);,0,Present,P,56
16-May-2018,57,Default,09:30,18:30,10:13:00,18:33:47,08:21,00:43,00:00,,0,10:13:00(in);18:33:47(in);,0,Present,P,57
17-May-2018,57,Default,09:30,18:30,09:46:36,,00:00,00:17,00:00,,0,09:46:36(in);,0,Present,P,57
16-May-2018,58,Default,09:30,18:30,,,00:00,00:00,00:00,,0,,0,Absent,A,58
17-May-2018,58,Default,09:30,18:30,,,00:00,00:00,00:00,,0,,0,Absent,A,58
16-May-2018,59,Default,09:30,18:30,08:40:17,18:09:30,09:00,00:00,00:20,,0,08:40:17(in);18:09:30(in);,29,Present,P,59
17-May-2018,59,Default,09:30,18:30,08:38:41,,00:00,00:00,00:00,,0,08:38:41(in);,0,Present,P,59
16-May-2018,60,Default,09:30,18:30,09:48:02,19:55:03,09:00,00:18,00:00,,0,09:48:02(in);19:55:03(in);,67,Present,P,60
17-May-2018,60,Default,09:30,18:30,10:09:29,,00:00,00:39,00:00,,0,10:09:29(in);,0,Present,P,60
16-May-2018,61,Default,09:30,18:30,,,00:00,00:00,00:00,,0,,0,Absent,A,61
17-May-2018,61,Default,09:30,18:30,08:59:09,,00:00,00:00,00:00,,0,08:59:09(in);,0,Present,P,61
16-May-2018,62,Default,09:30,18:30,,,00:00,00:00,00:00,,0,,0,Absent,A,62
17-May-2018,62,Default,09:30,18:30,,,00:00,00:00,00:00,,0,,0,Absent,A,62
16-May-2018,63,Default,09:30,18:30,,,00:00,00:00,00:00,,0,,0,Absent,A,63
17-May-2018,63,Default,09:30,18:30,,,00:00,00:00,00:00,,0,,0,Absent,A,63
16-May-2018,64,Default,09:30,18:30,,,00:00,00:00,00:00,,0,,0,Absent,A,64
17-May-2018,64,Default,09:30,18:30,,,00:00,00:00,00:00,,0,,0,Absent,A,64
16-May-2018,65,Default,09:30,18:30,09:28:00,18:29:53,09:00,00:00,00:00,,0,09:28:00(in);18:29:53(in);,0,Present,P,65
17-May-2018,65,Default,09:30,18:30,09:27:27,,00:00,00:00,00:00,,0,09:27:27(in);,0,Present,P,65
16-May-2018,66,Default,09:30,18:30,,,00:00,00:00,00:00,,0,,0,Absent,A,66
17-May-2018,66,Default,09:30,18:30,,,00:00,00:00,00:00,,0,,0,Absent,A,66
16-May-2018,67,Default,09:30,18:30,09:24:18,19:16:19,09:00,00:00,00:00,,0,09:24:18(in);19:16:19(in);,52,Present,P,67
17-May-2018,67,Default,09:30,18:30,09:24:03,,00:00,00:00,00:00,,0,09:24:03(in);,0,Present,P,67
16-May-2018,68,Default,09:30,18:30,09:27:55,18:29:49,09:00,00:00,00:00,,0,09:27:55(in);18:29:49(in);,0,Present,P,68
17-May-2018,68,Default,09:30,18:30,09:27:30,,00:00,00:00,00:00,,0,09:27:30(in);,0,Present,P,68
16-May-2018,69,Default,09:30,18:30,,,00:00,00:00,00:00,,0,,0,Absent,A,69
17-May-2018,69,Default,09:30,18:30,,,00:00,00:00,00:00,,0,,0,Absent,A,69
16-May-2018,70,Default,09:30,18:30,,,00:00,00:00,00:00,,0,,0,Absent,A,70
17-May-2018,70,Default,09:30,18:30,,,00:00,00:00,00:00,,0,,0,Absent,A,70
16-May-2018,71,Default,09:30,18:30,11:33:47,19:35:24,08:02,02:04,00:00,,0,11:33:47(in);19:35:24(in);,0,1/2Present,1/2P,71
17-May-2018,71,Default,09:30,18:30,14:10:25,,00:00,04:40,00:00,,0,14:10:25(in);,0,Present,P,71
16-May-2018,72,Default,09:30,18:30,,,00:00,00:00,00:00,,0,,0,Absent,A,72
17-May-2018,72,Default,09:30,18:30,,,00:00,00:00,00:00,,0,,0,Absent,A,72
16-May-2018,73,Default,09:30,18:30,,,00:00,00:00,00:00,,0,,0,Absent,A,73
17-May-2018,73,Default,09:30,18:30,,,00:00,00:00,00:00,,0,,0,Absent,A,73
16-May-2018,74,Default,09:30,18:30,,,00:00,00:00,00:00,,0,,0,Absent,A,74
17-May-2018,74,Default,09:30,18:30,,,00:00,00:00,00:00,,0,,0,Absent,A,74
16-May-2018,75,Default,09:30,18:30,09:18:16,18:33:37,09:00,00:00,00:00,,0,09:18:16(in);18:33:37(in);,15,Present,P,75
17-May-2018,75,Default,09:30,18:30,09:25:50,,00:00,00:00,00:00,,0,09:25:50(in);,0,Present,P,75
16-May-2018,76,Default,09:30,18:30,09:37:32,17:30:14,07:53,00:00,01:00,,0,09:37:32(in);17:30:14(in);,0,1/2Present,1/2P,76
17-May-2018,76,Default,09:30,18:30,09:24:11,,00:00,00:00,00:00,,0,09:24:11(in);,0,Present,P,76
16-May-2018,77,Default,09:30,18:30,09:12:28,17:55:57,08:43,00:00,00:34,,0,09:12:28(in);17:55:57(in);,0,Present,P,77
17-May-2018,77,Default,09:30,18:30,09:13:15,,00:00,00:00,00:00,,0,09:13:15(in);,0,Present,P,77
16-May-2018,78,Default,09:30,18:30,,,00:00,00:00,00:00,,0,,0,Absent,A,78
17-May-2018,78,Default,09:30,18:30,,,00:00,00:00,00:00,,0,,0,Absent,A,78
16-May-2018,79,Default,09:30,18:30,08:48:37,18:18:15,09:00,00:00,00:00,,0,08:48:37(in);18:18:15(in);,30,Present,P,79
17-May-2018,79,Default,09:30,18:30,09:01:34,,00:00,00:00,00:00,,0,09:01:34(in);,0,Present,P,79
16-May-2018,80,Default,09:30,18:30,,,00:00,00:00,00:00,,0,,0,Absent,A,80
17-May-2018,80,Default,09:30,18:30,,,00:00,00:00,00:00,,0,,0,Absent,A,80
16-May-2018,81,Default,09:30,18:30,09:57:48,19:02:19,09:00,00:28,00:00,,0,09:57:48(in);19:02:19(in);,0,Present,P,81
17-May-2018,81,Default,09:30,18:30,,,00:00,00:00,00:00,,0,,0,Absent,A,81
16-May-2018,82,Default,09:30,18:30,,,00:00,00:00,00:00,,0,,0,Absent,A,82
17-May-2018,82,Default,09:30,18:30,11:10:26,,00:00,01:40,00:00,,0,11:10:26(in);,0,Present,P,82
16-May-2018,83,Default,09:30,18:30,,,00:00,00:00,00:00,,0,,0,Absent,A,83
17-May-2018,83,Default,09:30,18:30,09:42:51,,00:00,00:00,00:00,,0,09:42:51(in);,0,Present,P,83
16-May-2018,84,Default,09:30,18:30,09:32:26,18:33:40,09:00,00:00,00:00,,0,09:32:26(in);18:33:40(in);,0,Present,P,84
17-May-2018,84,Default,09:30,18:30,09:13:09,,00:00,00:00,00:00,,0,09:13:09(in);,0,Present,P,84
16-May-2018,85,Default,09:30,18:30,09:43:00,13:59:26,04:16,00:00,04:31,,0,09:43:00(in);13:59:26(in);,0,1/2Present,1/2P,85
17-May-2018,85,Default,09:30,18:30,09:49:56,,00:00,00:20,00:00,,0,09:49:56(in);,0,Present,P,85
16-May-2018,86,Default,09:30,18:30,,,00:00,00:00,00:00,,0,,0,Absent,A,86
17-May-2018,86,Default,09:30,18:30,,,00:00,00:00,00:00,,0,,0,Absent,A,86
16-May-2018,87,Default,09:30,18:30,,,00:00,00:00,00:00,,0,,0,Absent,A,87
17-May-2018,87,Default,09:30,18:30,,,00:00,00:00,00:00,,0,,0,Absent,A,87
16-May-2018,88,Default,09:30,18:30,10:12:17,19:19:56,09:00,00:42,00:00,,0,10:12:17(in);19:19:56(in);,0,Present,P,88
17-May-2018,88,Default,09:30,18:30,10:33:15,,00:00,01:03,00:00,,0,10:33:15(in);,0,Present,P,88
16-May-2018,89,Default,09:30,18:30,,,00:00,00:00,00:00,,0,,0,Absent,A,89
17-May-2018,89,Default,09:30,18:30,,,00:00,00:00,00:00,,0,,0,Absent,A,89
16-May-2018,90,Default,09:30,18:30,09:51:21,18:55:52,09:00,00:21,00:00,,0,09:51:21(in);18:55:52(in);,0,Present,P,90
17-May-2018,90,Default,09:30,18:30,09:39:24,,00:00,00:00,00:00,,0,09:39:24(in);,0,Present,P,90
16-May-2018,91,Default,09:30,18:30,,,00:00,00:00,00:00,,0,,0,Absent,A,91
17-May-2018,91,Default,09:30,18:30,,,00:00,00:00,00:00,,0,,0,Absent,A,91
16-May-2018,92,Default,09:30,18:30,09:19:52,18:52:01,09:00,00:00,00:00,,0,09:19:52(in);18:52:01(in);,32,Present,P,92
17-May-2018,92,Default,09:30,18:30,09:30:49,,00:00,00:00,00:00,,0,09:30:49(in);,0,Present,P,92
16-May-2018,93,Default,09:30,18:30,08:43:54,19:02:55,09:00,00:00,00:00,,0,08:43:54(in);19:02:55(in);,79,Present,P,93
17-May-2018,93,Default,09:30,18:30,08:59:04,,00:00,00:00,00:00,,0,08:59:04(in);,0,Present,P,93
16-May-2018,94,Default,09:30,18:30,09:39:40,18:27:37,08:48,00:00,00:00,,0,09:39:40(in);18:27:37(in);,0,Present,P,94
17-May-2018,94,Default,09:30,18:30,09:47:09,,00:00,00:17,00:00,,0,09:47:09(in);,0,Present,P,94
16-May-2018,95,Default,09:30,18:30,09:37:38,18:36:36,08:59,00:00,00:00,,0,09:37:38(in);18:36:36(in);,0,Present,P,95
17-May-2018,95,Default,09:30,18:30,09:35:03,,00:00,00:00,00:00,,0,09:35:03(in);,0,Present,P,95
16-May-2018,96,Default,09:30,18:30,08:56:04,18:19:20,09:00,00:00,00:00,,0,08:56:04(in);18:19:20(in);,23,Present,P,96
17-May-2018,96,Default,09:30,18:30,08:57:22,,00:00,00:00,00:00,,0,08:57:22(in);,0,Present,P,96
16-May-2018,97,Default,09:30,18:30,,,00:00,00:00,00:00,,0,,0,Absent,A,97
17-May-2018,97,Default,09:30,18:30,,,00:00,00:00,00:00,,0,,0,Absent,A,97
16-May-2018,98,Default,09:30,18:30,,,00:00,00:00,00:00,,0,,0,Absent,A,98
17-May-2018,98,Default,09:30,18:30,,,00:00,00:00,00:00,,0,,0,Absent,A,98
16-May-2018,99,Default,09:30,18:30,09:58:16,18:28:04,08:30,00:28,00:00,,0,09:58:16(in);18:28:04(in);,0,Present,P,99
17-May-2018,99,Default,09:30,18:30,09:45:49,,00:00,00:16,00:00,,0,09:45:49(in);,0,Present,P,99
16-May-2018,100,Default,09:30,18:30,08:42:31,19:02:57,09:00,00:00,00:00,,0,08:42:31(in);19:02:57(in);,80,Present,P,100
17-May-2018,100,Default,09:30,18:30,08:54:51,,00:00,00:00,00:00,,0,08:54:51(in);,0,Present,P,100
16-May-2018,101,Default,09:30,18:30,09:14:23,18:33:42,09:00,00:00,00:00,,0,09:14:23(in);18:33:42(in);,19,Present,P,101
17-May-2018,101,Default,09:30,18:30,09:04:40,,00:00,00:00,00:00,,0,09:04:40(in);,0,Present,P,101
16-May-2018,102,Default,09:30,18:30,10:14:45,14:28:15,04:14,00:45,04:02,,0,10:14:45(in);14:28:15(in);,0,1/2Present,1/2P,102
17-May-2018,102,Default,09:30,18:30,09:58:27,,00:00,00:28,00:00,,0,09:58:27(in);,0,Present,P,102
16-May-2018,103,Default,09:30,18:30,10:07:12,18:35:22,08:28,00:37,00:00,,0,10:07:12(in);18:35:22(in);,0,Present,P,103
17-May-2018,103,Default,09:30,18:30,10:02:00,,00:00,00:32,00:00,,0,10:02:00(in);,0,Present,P,103
16-May-2018,104,Default,09:30,18:30,,,00:00,00:00,00:00,,0,,0,Absent,A,104
17-May-2018,104,Default,09:30,18:30,,,00:00,00:00,00:00,,0,,0,Absent,A,104
16-May-2018,105,Default,09:30,18:30,08:55:58,18:18:09,09:00,00:00,00:00,,0,08:55:58(in);18:18:09(in);,22,Present,P,105
17-May-2018,105,Default,09:30,18:30,08:53:15,,00:00,00:00,00:00,,0,08:53:15(in);,0,Present,P,105
16-May-2018,106,Default,09:30,18:30,,,00:00,00:00,00:00,,0,,0,Absent,A,106
17-May-2018,106,Default,09:30,18:30,,,00:00,00:00,00:00,,0,,0,Absent,A,106
16-May-2018,107,Default,09:30,18:30,10:50:29,19:43:50,08:53,01:20,00:00,,0,10:50:29(in);19:43:50(in);,0,Present,P,107
17-May-2018,107,Default,09:30,18:30,13:59:59,,00:00,04:30,00:00,,0,13:59:59(in);,0,Present,P,107
16-May-2018,108,Default,09:30,18:30,10:02:25,18:46:06,08:44,00:32,00:00,,0,10:02:25(in);18:46:06(in);,0,Present,P,108
17-May-2018,108,Default,09:30,18:30,10:09:19,,00:00,00:39,00:00,,0,10:09:19(in);,0,Present,P,108
16-May-2018,109,Default,09:30,18:30,08:55:49,18:10:41,09:00,00:00,00:19,,0,08:55:49(in);18:10:41(in);,15,Present,P,109
17-May-2018,109,Default,09:30,18:30,08:58:38,,00:00,00:00,00:00,,0,08:58:38(in);,0,Present,P,109
16-May-2018,110,Default,09:30,18:30,,,00:00,00:00,00:00,,0,,0,Absent,A,110
17-May-2018,110,Default,09:30,18:30,,,00:00,00:00,00:00,,0,,0,Absent,A,110
16-May-2018,111,Default,09:30,18:30,08:57:01,18:04:12,09:00,00:00,00:26,,0,08:57:01(in);18:04:12(in);,0,Present,P,111
17-May-2018,111,Default,09:30,18:30,09:01:53,,00:00,00:00,00:00,,0,09:01:53(in);,0,Present,P,111
16-May-2018,112,Default,09:30,18:30,,,00:00,00:00,00:00,,0,,0,Absent,A,112
17-May-2018,112,Default,09:30,18:30,,,00:00,00:00,00:00,,0,,0,Absent,A,112
16-May-2018,113,Default,09:30,18:30,09:47:00,18:24:46,08:38,00:17,00:00,,0,09:47:00(in);18:24:46(in);,0,Present,P,113
17-May-2018,113,Default,09:30,18:30,09:26:34,,00:00,00:00,00:00,,0,09:26:34(in);,0,Present,P,113
16-May-2018,114,Default,09:30,18:30,09:01:00,18:08:18,09:00,00:00,00:22,,0,09:01:00(in);18:08:18(in);,0,Present,P,114
17-May-2018,114,Default,09:30,18:30,09:02:56,13:00:24,03:57,00:00,00:00,,0,09:02:56(in);13:00:24(in);,0,Absent,A,114
16-May-2018,115,Default,09:30,18:30,08:59:42,18:11:42,09:00,00:00,00:18,,0,08:59:42(in);18:11:42(in);,12,Present,P,115
17-May-2018,115,Default,09:30,18:30,12:36:00,,00:00,03:06,00:00,,0,12:36:00(in);,0,Present,P,115
16-May-2018,116,Default,09:30,18:30,09:09:22,18:32:13,09:00,00:00,00:00,,0,09:09:22(in);18:32:13(in);,23,Present,P,116
17-May-2018,116,Default,09:30,18:30,08:59:54,,00:00,00:00,00:00,,0,08:59:54(in);,0,Present,P,116
16-May-2018,117,Default,09:30,18:30,08:52:56,18:12:07,09:00,00:00,00:18,,0,08:52:56(in);18:12:07(in);,19,Present,P,117
17-May-2018,117,Default,09:30,18:30,12:57:51,,00:00,03:28,00:00,,0,12:57:51(in);,0,Present,P,117
16-May-2018,118,Default,09:30,18:30,,,00:00,00:00,00:00,,0,,0,Absent,A,118
17-May-2018,118,Default,09:30,18:30,,,00:00,00:00,00:00,,0,,0,Absent,A,118
16-May-2018,119,Default,09:30,18:30,09:08:40,18:28:39,09:00,00:00,00:00,,0,09:08:40(in);18:28:39(in);,20,Present,P,119
17-May-2018,119,Default,09:30,18:30,09:18:38,,00:00,00:00,00:00,,0,09:18:38(in);,0,Present,P,119
16-May-2018,120,Default,09:30,18:30,09:57:53,19:07:42,09:00,00:28,00:00,,0,09:57:53(in);19:07:42(in);,10,Present,P,120
17-May-2018,120,Default,09:30,18:30,09:52:35,,00:00,00:23,00:00,,0,09:52:35(in);,0,Present,P,120
16-May-2018,121,Default,09:30,18:30,09:58:28,,00:00,00:28,00:00,,0,09:58:28(in);,0,Present,P,121
17-May-2018,121,Default,09:30,18:30,10:05:34,,00:00,00:36,00:00,,0,10:05:34(in);,0,Present,P,121
16-May-2018,122,Default,09:30,18:30,,,00:00,00:00,00:00,,0,,0,Absent,A,122
17-May-2018,122,Default,09:30,18:30,,,00:00,00:00,00:00,,0,,0,Absent,A,122
16-May-2018,123,Default,09:30,18:30,09:43:50,18:44:17,09:00,00:00,00:00,,0,09:43:50(in);18:44:17(in);,0,Present,P,123
17-May-2018,123,Default,09:30,18:30,09:44:13,,00:00,00:00,00:00,,0,09:44:13(in);,0,Present,P,123
16-May-2018,139,Default,09:30,18:30,09:31:54,18:34:04,09:00,00:00,00:00,,0,09:31:54(in);18:34:04(in);,0,Present,P,139
17-May-2018,139,Default,09:30,18:30,09:39:31,,00:00,00:00,00:00,,0,09:39:31(in);,0,Present,P,139
16-May-2018,140,Default,09:30,18:30,,,00:00,00:00,00:00,,0,,0,Absent,A,140
17-May-2018,140,Default,09:30,18:30,,,00:00,00:00,00:00,,0,,0,Absent,A,140
16-May-2018,153,Default,09:30,18:30,,,00:00,00:00,00:00,,0,,0,Absent,A,153
17-May-2018,153,Default,09:30,18:30,,,00:00,00:00,00:00,,0,,0,Absent,A,153
16-May-2018,177,Default,09:30,18:30,,,00:00,00:00,00:00,,0,,0,Absent,A,177
17-May-2018,177,Default,09:30,18:30,,,00:00,00:00,00:00,,0,,0,Absent,A,177
16-May-2018,178,Default,09:30,18:30,09:45:31,18:33:56,08:48,00:16,00:00,,0,09:45:31(in);18:33:56(in);,0,Present,P,178
17-May-2018,178,Default,09:30,18:30,09:34:11,,00:00,00:00,00:00,,0,09:34:11(in);,0,Present,P,178
16-May-2018,185,Default,09:30,18:30,,,00:00,00:00,00:00,,0,,0,Absent,A,185
17-May-2018,185,Default,09:30,18:30,,,00:00,00:00,00:00,,0,,0,Absent,A,185
16-May-2018,187,Default,09:30,18:30,,,00:00,00:00,00:00,,0,,0,Absent,A,187
17-May-2018,187,Default,09:30,18:30,,,00:00,00:00,00:00,,0,,0,Absent,A,187
16-May-2018,191,Default,09:30,18:30,,,00:00,00:00,00:00,,0,,0,Absent,A,191
17-May-2018,191,Default,09:30,18:30,,,00:00,00:00,00:00,,0,,0,Absent,A,191
16-May-2018,193,Default,09:30,18:30,,,00:00,00:00,00:00,,0,,0,Absent,A,193
17-May-2018,193,Default,09:30,18:30,,,00:00,00:00,00:00,,0,,0,Absent,A,193
16-May-2018,195,Default,09:30,18:30,,,00:00,00:00,00:00,,0,,0,Absent,A,195
17-May-2018,195,Default,09:30,18:30,,,00:00,00:00,00:00,,0,,0,Absent,A,195
16-May-2018,198,Default,09:30,18:30,,,00:00,00:00,00:00,,0,,0,Absent,A,198
17-May-2018,198,Default,09:30,18:30,,,00:00,00:00,00:00,,0,,0,Absent,A,198
16-May-2018,200,Default,09:30,18:30,,,00:00,00:00,00:00,,0,,0,Absent,A,200
17-May-2018,200,Default,09:30,18:30,,,00:00,00:00,00:00,,0,,0,Absent,A,200
16-May-2018,202,Default,09:30,18:30,,,00:00,00:00,00:00,,0,,0,Absent,A,202
17-May-2018,202,Default,09:30,18:30,,,00:00,00:00,00:00,,0,,0,Absent,A,202
16-May-2018,203,Default,09:30,18:30,,,00:00,00:00,00:00,,0,,0,Absent,A,203
17-May-2018,203,Default,09:30,18:30,,,00:00,00:00,00:00,,0,,0,Absent,A,203
16-May-2018,209,Default,09:30,18:30,,,00:00,00:00,00:00,,0,,0,Absent,A,209
17-May-2018,209,Default,09:30,18:30,,,00:00,00:00,00:00,,0,,0,Absent,A,209
16-May-2018,211,Default,09:30,18:30,,,00:00,00:00,00:00,,0,,0,Absent,A,211
17-May-2018,211,Default,09:30,18:30,,,00:00,00:00,00:00,,0,,0,Absent,A,211
16-May-2018,212,Default,09:30,18:30,,,00:00,00:00,00:00,,0,,0,Absent,A,212
17-May-2018,212,Default,09:30,18:30,,,00:00,00:00,00:00,,0,,0,Absent,A,212
16-May-2018,213,Default,09:30,18:30,,,00:00,00:00,00:00,,0,,0,Absent,A,213
17-May-2018,213,Default,09:30,18:30,,,00:00,00:00,00:00,,0,,0,Absent,A,213
16-May-2018,217,Default,09:30,18:30,,,00:00,00:00,00:00,,0,,0,Absent,A,217
17-May-2018,217,Default,09:30,18:30,,,00:00,00:00,00:00,,0,,0,Absent,A,217
16-May-2018,218,Default,09:30,18:30,,,00:00,00:00,00:00,,0,,0,Absent,A,218
17-May-2018,218,Default,09:30,18:30,,,00:00,00:00,00:00,,0,,0,Absent,A,218
16-May-2018,223,Default,09:30,18:30,,,00:00,00:00,00:00,,0,,0,Absent,A,223
17-May-2018,223,Default,09:30,18:30,,,00:00,00:00,00:00,,0,,0,Absent,A,223
16-May-2018,224,Default,09:30,18:30,09:37:41,19:19:46,09:00,00:00,00:00,,0,09:37:41(in);19:19:46(in);,42,Present,P,224
17-May-2018,224,Default,09:30,18:30,09:38:00,,00:00,00:00,00:00,,0,09:38:00(in);,0,Present,P,224
16-May-2018,226,Default,09:30,18:30,,,00:00,00:00,00:00,,0,,0,Absent,A,226
17-May-2018,226,Default,09:30,18:30,,,00:00,00:00,00:00,,0,,0,Absent,A,226
16-May-2018,227,Default,09:30,18:30,,,00:00,00:00,00:00,,0,,0,Absent,A,227
17-May-2018,227,Default,09:30,18:30,,,00:00,00:00,00:00,,0,,0,Absent,A,227
16-May-2018,230,Default,09:30,18:30,,,00:00,00:00,00:00,,0,,0,Absent,A,230
17-May-2018,230,Default,09:30,18:30,,,00:00,00:00,00:00,,0,,0,Absent,A,230
16-May-2018,233,Default,09:30,18:30,10:05:14,18:18:13,08:13,00:35,00:00,,0,10:05:14(in);18:18:13(in);,0,1/2Present,1/2P,233
17-May-2018,233,Default,09:30,18:30,09:58:47,,00:00,00:29,00:00,,0,09:58:47(in);,0,Present,P,233
16-May-2018,240,Default,09:30,18:30,,,00:00,00:00,00:00,,0,,0,Absent,A,240
17-May-2018,240,Default,09:30,18:30,,,00:00,00:00,00:00,,0,,0,Absent,A,240
16-May-2018,300,Default,09:30,18:30,,,00:00,00:00,00:00,,0,,0,Absent,A,300
17-May-2018,300,Default,09:30,18:30,,,00:00,00:00,00:00,,0,,0,Absent,A,300
16-May-2018,301,Default,09:30,18:30,,,00:00,00:00,00:00,,0,,0,Absent,A,301
17-May-2018,301,Default,09:30,18:30,,,00:00,00:00,00:00,,0,,0,Absent,A,301
16-May-2018,302,Default,09:30,18:30,08:48:57,19:08:10,09:00,00:00,00:00,,0,08:48:57(in);19:08:10(in);,79,Present,P,302
17-May-2018,302,Default,09:30,18:30,08:59:06,,00:00,00:00,00:00,,0,08:59:06(in);,0,Present,P,302
16-May-2018,303,Default,09:30,18:30,,,00:00,00:00,00:00,,0,,0,Absent,A,303
17-May-2018,303,Default,09:30,18:30,,,00:00,00:00,00:00,,0,,0,Absent,A,303
16-May-2018,304,Default,09:30,18:30,,,00:00,00:00,00:00,,0,,0,Absent,A,304
17-May-2018,304,Default,09:30,18:30,,,00:00,00:00,00:00,,0,,0,Absent,A,304
16-May-2018,305,Default,09:30,18:30,,,00:00,00:00,00:00,,0,,0,Absent,A,305
17-May-2018,305,Default,09:30,18:30,,,00:00,00:00,00:00,,0,,0,Absent,A,305
16-May-2018,306,Default,09:30,18:30,18:35:54,,00:00,09:06,00:00,,0,18:35:54(in);,0,Present,P,306
17-May-2018,306,Default,09:30,18:30,09:07:49,,00:00,00:00,00:00,,0,09:07:49(in);,0,Present,P,306
16-May-2018,307,Default,09:30,18:30,,,00:00,00:00,00:00,,0,,0,Absent,A,307
17-May-2018,307,Default,09:30,18:30,,,00:00,00:00,00:00,,0,,0,Absent,A,307
16-May-2018,308,Default,09:30,18:30,09:13:05,18:19:54,09:00,00:00,00:00,,0,09:13:05(in);18:19:54(in);,0,Present,P,308
17-May-2018,308,Default,09:30,18:30,,,00:00,00:00,00:00,,0,,0,Absent,A,308
16-May-2018,309,Default,09:30,18:30,,,00:00,00:00,00:00,,0,,0,Absent,A,309
17-May-2018,309,Default,09:30,18:30,,,00:00,00:00,00:00,,0,,0,Absent,A,309
16-May-2018,310,Default,09:30,18:30,09:26:37,18:39:52,09:00,00:00,00:00,,0,09:26:37(in);18:39:52(in);,13,Present,P,310
17-May-2018,310,Default,09:30,18:30,09:26:55,,00:00,00:00,00:00,,0,09:26:55(in);,0,Present,P,310
16-May-2018,311,Default,09:30,18:30,,,00:00,00:00,00:00,,0,,0,Absent,A,311
17-May-2018,311,Default,09:30,18:30,,,00:00,00:00,00:00,,0,,0,Absent,A,311
16-May-2018,312,Default,09:30,18:30,09:05:51,18:34:10,09:00,00:00,00:00,,0,09:05:51(in);18:34:10(in);,28,Present,P,312
17-May-2018,312,Default,09:30,18:30,09:03:04,,00:00,00:00,00:00,,0,09:03:04(in);,0,Present,P,312
16-May-2018,313,Default,09:30,18:30,08:50:54,,00:00,00:00,00:00,,0,08:50:54(in);,0,Present,P,313
17-May-2018,313,Default,09:30,18:30,09:01:26,,00:00,00:00,00:00,,0,09:01:26(in);,0,Present,P,313
16-May-2018,314,Default,09:30,18:30,09:09:07,,00:00,00:00,00:00,,0,09:09:07(in);,0,Present,P,314
17-May-2018,314,Default,09:30,18:30,09:03:01,,00:00,00:00,00:00,,0,09:03:01(in);,0,Present,P,314
16-May-2018,315,Default,09:30,18:30,,,00:00,00:00,00:00,,0,,0,Absent,A,315
17-May-2018,315,Default,09:30,18:30,,,00:00,00:00,00:00,,0,,0,Absent,A,315
16-May-2018,316,Default,09:30,18:30,09:02:41,18:09:37,09:00,00:00,00:20,,0,09:02:41(in);18:09:37(in);,0,Present,P,316
17-May-2018,316,Default,09:30,18:30,09:01:19,,00:00,00:00,00:00,,0,09:01:19(in);,0,Present,P,316
16-May-2018,317,Default,09:30,18:30,,,00:00,00:00,00:00,,0,,0,Absent,A,317
17-May-2018,317,Default,09:30,18:30,,,00:00,00:00,00:00,,0,,0,Absent,A,317
16-May-2018,318,Default,09:30,18:30,,,00:00,00:00,00:00,,0,,0,Absent,A,318
17-May-2018,318,Default,09:30,18:30,,,00:00,00:00,00:00,,0,,0,Absent,A,318
16-May-2018,319,Default,09:30,18:30,,,00:00,00:00,00:00,,0,,0,Absent,A,319
17-May-2018,319,Default,09:30,18:30,,,00:00,00:00,00:00,,0,,0,Absent,A,319
16-May-2018,321,Default,09:30,18:30,,,00:00,00:00,00:00,,0,,0,Absent,A,321
17-May-2018,321,Default,09:30,18:30,,,00:00,00:00,00:00,,0,,0,Absent,A,321
16-May-2018,322,Default,09:30,18:30,,,00:00,00:00,00:00,,0,,0,Absent,A,322
17-May-2018,322,Default,09:30,18:30,,,00:00,00:00,00:00,,0,,0,Absent,A,322
16-May-2018,323,Default,09:30,18:30,08:50:31,19:49:03,09:00,00:00,00:00,,0,08:50:31(in);19:49:03(in);,119,Present,P,323
17-May-2018,323,Default,09:30,18:30,08:52:12,,00:00,00:00,00:00,,0,08:52:12(in);,0,Present,P,323
16-May-2018,324,Default,09:30,18:30,,,00:00,00:00,00:00,,0,,0,Absent,A,324
17-May-2018,324,Default,09:30,18:30,08:36:09,,00:00,00:00,00:00,,0,08:36:09(in);,0,Present,P,324
16-May-2018,325,Default,09:30,18:30,,,00:00,00:00,00:00,,0,,0,Absent,A,325
17-May-2018,325,Default,09:30,18:30,,,00:00,00:00,00:00,,0,,0,Absent,A,325
16-May-2018,326,Default,09:30,18:30,,,00:00,00:00,00:00,,0,,0,Absent,A,326
17-May-2018,326,Default,09:30,18:30,,,00:00,00:00,00:00,,0,,0,Absent,A,326
16-May-2018,327,Default,09:30,18:30,08:54:06,,00:00,00:00,00:00,,0,08:54:06(in);,0,Present,P,327
17-May-2018,327,Default,09:30,18:30,08:54:43,,00:00,00:00,00:00,,0,08:54:43(in);,0,Present,P,327
16-May-2018,328,Default,09:30,18:30,,,00:00,00:00,00:00,,0,,0,Absent,A,328
17-May-2018,328,Default,09:30,18:30,,,00:00,00:00,00:00,,0,,0,Absent,A,328
16-May-2018,329,Default,09:30,18:30,,,00:00,00:00,00:00,,0,,0,Absent,A,329
17-May-2018,329,Default,09:30,18:30,,,00:00,00:00,00:00,,0,,0,Absent,A,329
16-May-2018,330,Default,09:30,18:30,,,00:00,00:00,00:00,,0,,0,Absent,A,330
17-May-2018,330,Default,09:30,18:30,,,00:00,00:00,00:00,,0,,0,Absent,A,330
16-May-2018,331,Default,09:30,18:30,,,00:00,00:00,00:00,,0,,0,Absent,A,331
17-May-2018,331,Default,09:30,18:30,,,00:00,00:00,00:00,,0,,0,Absent,A,331
16-May-2018,332,Default,09:30,18:30,,,00:00,00:00,00:00,,0,,0,Absent,A,332
17-May-2018,332,Default,09:30,18:30,,,00:00,00:00,00:00,,0,,0,Absent,A,332
16-May-2018,333,Default,09:30,18:30,,,00:00,00:00,00:00,,0,,0,Absent,A,333
17-May-2018,333,Default,09:30,18:30,,,00:00,00:00,00:00,,0,,0,Absent,A,333
16-May-2018,334,Default,09:30,18:30,08:47:34,19:10:22,09:00,00:00,00:00,,0,08:47:34(in);19:10:22(in);,83,Present,P,334
17-May-2018,334,Default,09:30,18:30,08:40:10,,00:00,00:00,00:00,,0,08:40:10(in);,0,Present,P,334
16-May-2018,335,Default,09:30,18:30,,,00:00,00:00,00:00,,0,,0,Absent,A,335
17-May-2018,335,Default,09:30,18:30,,,00:00,00:00,00:00,,0,,0,Absent,A,335
16-May-2018,337,Default,09:30,18:30,,,00:00,00:00,00:00,,0,,0,Absent,A,337
17-May-2018,337,Default,09:30,18:30,,,00:00,00:00,00:00,,0,,0,Absent,A,337
16-May-2018,338,Default,09:30,18:30,,,00:00,00:00,00:00,,0,,0,Absent,A,338
17-May-2018,338,Default,09:30,18:30,,,00:00,00:00,00:00,,0,,0,Absent,A,338
16-May-2018,340,Default,09:30,18:30,,,00:00,00:00,00:00,,0,,0,Absent,A,340
17-May-2018,340,Default,09:30,18:30,,,00:00,00:00,00:00,,0,,0,Absent,A,340
16-May-2018,341,Default,09:30,18:30,,,00:00,00:00,00:00,,0,,0,Absent,A,341
17-May-2018,341,Default,09:30,18:30,,,00:00,00:00,00:00,,0,,0,Absent,A,341
16-May-2018,342,Default,09:30,18:30,,,00:00,00:00,00:00,,0,,0,Absent,A,342
17-May-2018,342,Default,09:30,18:30,,,00:00,00:00,00:00,,0,,0,Absent,A,342
16-May-2018,343,Default,09:30,18:30,,,00:00,00:00,00:00,,0,,0,Absent,A,343
17-May-2018,343,Default,09:30,18:30,,,00:00,00:00,00:00,,0,,0,Absent,A,343
16-May-2018,344,Default,09:30,18:30,,,00:00,00:00,00:00,,0,,0,Absent,A,344
17-May-2018,344,Default,09:30,18:30,,,00:00,00:00,00:00,,0,,0,Absent,A,344
16-May-2018,345,Default,09:30,18:30,,,00:00,00:00,00:00,,0,,0,Absent,A,345
17-May-2018,345,Default,09:30,18:30,,,00:00,00:00,00:00,,0,,0,Absent,A,345
16-May-2018,346,Default,09:30,18:30,,,00:00,00:00,00:00,,0,,0,Absent,A,346
17-May-2018,346,Default,09:30,18:30,,,00:00,00:00,00:00,,0,,0,Absent,A,346
16-May-2018,347,Default,09:30,18:30,08:52:53,18:54:46,09:00,00:00,00:00,,0,08:52:53(in);18:54:46(in);,62,Present,P,347
17-May-2018,347,Default,09:30,18:30,08:55:01,,00:00,00:00,00:00,,0,08:55:01(in);,0,Present,P,347
16-May-2018,348,Default,09:30,18:30,15:52:35,,00:00,06:23,00:00,,0,15:52:35(in);,0,Present,P,348
17-May-2018,348,Default,09:30,18:30,07:32:11,,00:00,00:00,00:00,,0,07:32:11(in);,0,Present,P,348
16-May-2018,351,Default,09:30,18:30,,,00:00,00:00,00:00,,0,,0,Absent,A,351
17-May-2018,351,Default,09:30,18:30,,,00:00,00:00,00:00,,0,,0,Absent,A,351
16-May-2018,352,Default,09:30,18:30,08:57:28,18:07:10,09:00,00:00,00:23,,0,08:57:28(in);18:07:10(in);,10,Present,P,352
17-May-2018,352,Default,09:30,18:30,,,00:00,00:00,00:00,,0,,0,Absent,A,352
16-May-2018,353,Default,09:30,18:30,,,00:00,00:00,00:00,,0,,0,Absent,A,353
17-May-2018,353,Default,09:30,18:30,,,00:00,00:00,00:00,,0,,0,Absent,A,353
16-May-2018,354,Default,09:30,18:30,,,00:00,00:00,00:00,,0,,0,Absent,A,354
17-May-2018,354,Default,09:30,18:30,,,00:00,00:00,00:00,,0,,0,Absent,A,354
16-May-2018,356,Default,09:30,18:30,08:57:08,,00:00,00:00,00:00,,0,08:57:08(in);,0,Present,P,356
17-May-2018,356,Default,09:30,18:30,09:00:23,,00:00,00:00,00:00,,0,09:00:23(in);,0,Present,P,356
16-May-2018,357,Default,09:30,18:30,,,00:00,00:00,00:00,,0,,0,Absent,A,357
17-May-2018,357,Default,09:30,18:30,,,00:00,00:00,00:00,,0,,0,Absent,A,357
16-May-2018,362,Default,09:30,18:30,,,00:00,00:00,00:00,,0,,0,Absent,A,362
17-May-2018,362,Default,09:30,18:30,,,00:00,00:00,00:00,,0,,0,Absent,A,362
16-May-2018,364,Default,09:30,18:30,,,00:00,00:00,00:00,,0,,0,Absent,A,364
17-May-2018,364,Default,09:30,18:30,,,00:00,00:00,00:00,,0,,0,Absent,A,364
16-May-2018,365,Default,09:30,18:30,,,00:00,00:00,00:00,,0,,0,Absent,A,365
17-May-2018,365,Default,09:30,18:30,,,00:00,00:00,00:00,,0,,0,Absent,A,365
16-May-2018,366,Default,09:30,18:30,,,00:00,00:00,00:00,,0,,0,Absent,A,366
17-May-2018,366,Default,09:30,18:30,,,00:00,00:00,00:00,,0,,0,Absent,A,366
16-May-2018,367,Default,09:30,18:30,09:03:45,18:12:09,09:00,00:00,00:18,,0,09:03:45(in);18:12:09(in);,0,Present,P,367
17-May-2018,367,Default,09:30,18:30,09:26:09,,00:00,00:00,00:00,,0,09:26:09(in);,0,Present,P,367
16-May-2018,368,Default,09:30,18:30,08:50:58,,00:00,00:00,00:00,,0,08:50:58(in);,0,Present,P,368
17-May-2018,368,Default,09:30,18:30,08:59:15,,00:00,00:00,00:00,,0,08:59:15(in);,0,Present,P,368
16-May-2018,369,Default,09:30,18:30,,,00:00,00:00,00:00,,0,,0,Absent,A,369
17-May-2018,369,Default,09:30,18:30,,,00:00,00:00,00:00,,0,,0,Absent,A,369
16-May-2018,370,Default,09:30,18:30,10:44:28,19:40:15,08:56,01:14,00:00,,0,10:44:28(in);19:40:15(in);,0,Present,P,370
17-May-2018,370,Default,09:30,18:30,,,00:00,00:00,00:00,,0,,0,Absent,A,370
16-May-2018,371,Default,09:30,18:30,10:01:02,18:38:16,08:37,00:31,00:00,,0,10:01:02(in);18:38:16(in);,0,Present,P,371
17-May-2018,371,Default,09:30,18:30,09:38:11,,00:00,00:00,00:00,,0,09:38:11(in);,0,Present,P,371
16-May-2018,372,Default,09:30,18:30,,,00:00,00:00,00:00,,0,,0,Absent,A,372
17-May-2018,372,Default,09:30,18:30,,,00:00,00:00,00:00,,0,,0,Absent,A,372
16-May-2018,373,Default,09:30,18:30,,,00:00,00:00,00:00,,0,,0,Absent,A,373
17-May-2018,373,Default,09:30,18:30,,,00:00,00:00,00:00,,0,,0,Absent,A,373
16-May-2018,374,Default,09:30,18:30,,,00:00,00:00,00:00,,0,,0,Absent,A,374
17-May-2018,374,Default,09:30,18:30,,,00:00,00:00,00:00,,0,,0,Absent,A,374
16-May-2018,375,Default,09:30,18:30,,,00:00,00:00,00:00,,0,,0,Absent,A,375
17-May-2018,375,Default,09:30,18:30,,,00:00,00:00,00:00,,0,,0,Absent,A,375
16-May-2018,377,Default,09:30,18:30,,,00:00,00:00,00:00,,0,,0,Absent,A,377
17-May-2018,377,Default,09:30,18:30,,,00:00,00:00,00:00,,0,,0,Absent,A,377
16-May-2018,378,Default,09:30,18:30,,,00:00,00:00,00:00,,0,,0,Absent,A,378
17-May-2018,378,Default,09:30,18:30,,,00:00,00:00,00:00,,0,,0,Absent,A,378
16-May-2018,379,Default,09:30,18:30,,,00:00,00:00,00:00,,0,,0,Absent,A,379
17-May-2018,379,Default,09:30,18:30,,,00:00,00:00,00:00,,0,,0,Absent,A,379
16-May-2018,380,Default,09:30,18:30,,,00:00,00:00,00:00,,0,,0,Absent,A,380
17-May-2018,380,Default,09:30,18:30,,,00:00,00:00,00:00,,0,,0,Absent,A,380
16-May-2018,381,Default,09:30,18:30,,,00:00,00:00,00:00,,0,,0,Absent,A,381
17-May-2018,381,Default,09:30,18:30,,,00:00,00:00,00:00,,0,,0,Absent,A,381
16-May-2018,382,Default,09:30,18:30,,,00:00,00:00,00:00,,0,,0,Absent,A,382
17-May-2018,382,Default,09:30,18:30,,,00:00,00:00,00:00,,0,,0,Absent,A,382
16-May-2018,383,Default,09:30,18:30,08:52:24,18:07:07,09:00,00:00,00:23,,0,08:52:24(in);18:07:07(in);,15,Present,P,383
17-May-2018,383,Default,09:30,18:30,09:00:34,,00:00,00:00,00:00,,0,09:00:34(in);,0,Present,P,383
16-May-2018,384,Default,09:30,18:30,,,00:00,00:00,00:00,,0,,0,Absent,A,384
17-May-2018,384,Default,09:30,18:30,,,00:00,00:00,00:00,,0,,0,Absent,A,384
16-May-2018,385,Default,09:30,18:30,,,00:00,00:00,00:00,,0,,0,Absent,A,385
17-May-2018,385,Default,09:30,18:30,,,00:00,00:00,00:00,,0,,0,Absent,A,385
16-May-2018,386,Default,09:30,18:30,,,00:00,00:00,00:00,,0,,0,Absent,A,386
17-May-2018,386,Default,09:30,18:30,,,00:00,00:00,00:00,,0,,0,Absent,A,386
16-May-2018,387,Default,09:30,18:30,,,00:00,00:00,00:00,,0,,0,Absent,A,387
17-May-2018,387,Default,09:30,18:30,,,00:00,00:00,00:00,,0,,0,Absent,A,387
16-May-2018,388,Default,09:30,18:30,09:42:57,,00:00,00:00,00:00,,0,09:42:57(in);,0,Present,P,388
17-May-2018,388,Default,09:30,18:30,09:37:43,,00:00,00:00,00:00,,0,09:37:43(in);,0,Present,P,388
16-May-2018,389,Default,09:30,18:30,09:41:09,19:01:37,09:00,00:00,00:00,,0,09:41:09(in);19:01:37(in);,20,Present,P,389
17-May-2018,389,Default,09:30,18:30,,,00:00,00:00,00:00,,0,,0,Absent,A,389
16-May-2018,390,Default,09:30,18:30,,,00:00,00:00,00:00,,0,,0,Absent,A,390
17-May-2018,390,Default,09:30,18:30,,,00:00,00:00,00:00,,0,,0,Absent,A,390
16-May-2018,391,Default,09:30,18:30,,,00:00,00:00,00:00,,0,,0,Absent,A,391
17-May-2018,391,Default,09:30,18:30,,,00:00,00:00,00:00,,0,,0,Absent,A,391
16-May-2018,392,Default,09:30,18:30,,,00:00,00:00,00:00,,0,,0,Absent,A,392
17-May-2018,392,Default,09:30,18:30,,,00:00,00:00,00:00,,0,,0,Absent,A,392
16-May-2018,393,Default,09:30,18:30,,,00:00,00:00,00:00,,0,,0,Absent,A,393
17-May-2018,393,Default,09:30,18:30,,,00:00,00:00,00:00,,0,,0,Absent,A,393
16-May-2018,394,Default,09:30,18:30,,,00:00,00:00,00:00,,0,,0,Absent,A,394
17-May-2018,394,Default,09:30,18:30,,,00:00,00:00,00:00,,0,,0,Absent,A,394
16-May-2018,395,Default,09:30,18:30,,,00:00,00:00,00:00,,0,,0,Absent,A,395
17-May-2018,395,Default,09:30,18:30,,,00:00,00:00,00:00,,0,,0,Absent,A,395
16-May-2018,396,Default,09:30,18:30,09:48:10,19:01:39,09:00,00:18,00:00,,0,09:48:10(in);19:01:39(in);,13,Present,P,396
17-May-2018,396,Default,09:30,18:30,10:04:52,,00:00,00:35,00:00,,0,10:04:52(in);,0,Present,P,396
16-May-2018,398,Default,09:30,18:30,,,00:00,00:00,00:00,,0,,0,Absent,A,398
17-May-2018,398,Default,09:30,18:30,,,00:00,00:00,00:00,,0,,0,Absent,A,398
16-May-2018,399,Default,09:30,18:30,,,00:00,00:00,00:00,,0,,0,Absent,A,399
17-May-2018,399,Default,09:30,18:30,,,00:00,00:00,00:00,,0,,0,Absent,A,399
16-May-2018,400,Default,09:30,18:30,,,00:00,00:00,00:00,,0,,0,Absent,A,400
17-May-2018,400,Default,09:30,18:30,,,00:00,00:00,00:00,,0,,0,Absent,A,400
16-May-2018,401,Default,09:30,18:30,,,00:00,00:00,00:00,,0,,0,Absent,A,401
17-May-2018,401,Default,09:30,18:30,,,00:00,00:00,00:00,,0,,0,Absent,A,401
16-May-2018,402,Default,09:30,18:30,09:49:42,18:52:24,09:00,00:20,00:00,,0,09:49:42(in);13:43:49(in);13:55:22(in);18:52:24(in);,0,Present,P,402
17-May-2018,402,Default,09:30,18:30,,,00:00,00:00,00:00,,0,,0,Absent,A,402
16-May-2018,403,Default,09:30,18:30,,,00:00,00:00,00:00,,0,,0,Absent,A,403
17-May-2018,403,Default,09:30,18:30,,,00:00,00:00,00:00,,0,,0,Absent,A,403
16-May-2018,404,Default,09:30,18:30,,,00:00,00:00,00:00,,0,,0,Absent,A,404
17-May-2018,404,Default,09:30,18:30,,,00:00,00:00,00:00,,0,,0,Absent,A,404
16-May-2018,405,Default,09:30,18:30,,,00:00,00:00,00:00,,0,,0,Absent,A,405
17-May-2018,405,Default,09:30,18:30,,,00:00,00:00,00:00,,0,,0,Absent,A,405
16-May-2018,406,Default,09:30,18:30,,,00:00,00:00,00:00,,0,,0,Absent,A,406
17-May-2018,406,Default,09:30,18:30,,,00:00,00:00,00:00,,0,,0,Absent,A,406
16-May-2018,407,Default,09:30,18:30,09:36:46,18:31:17,08:55,00:00,00:00,,0,09:36:46(in);18:31:17(in);,0,Present,P,407
17-May-2018,407,Default,09:30,18:30,09:44:38,,00:00,00:00,00:00,,0,09:44:38(in);,0,Present,P,407
16-May-2018,408,Default,09:30,18:30,09:24:40,18:32:02,09:00,00:00,00:00,,0,09:24:40(in);18:32:02(in);,0,Present,P,408
17-May-2018,408,Default,09:30,18:30,09:26:02,,00:00,00:00,00:00,,0,09:26:02(in);,0,Present,P,408
16-May-2018,409,Default,09:30,18:30,,,00:00,00:00,00:00,,0,,0,Absent,A,409
17-May-2018,409,Default,09:30,18:30,,,00:00,00:00,00:00,,0,,0,Absent,A,409
16-May-2018,410,Default,09:30,18:30,,,00:00,00:00,00:00,,0,,0,Absent,A,410
17-May-2018,410,Default,09:30,18:30,,,00:00,00:00,00:00,,0,,0,Absent,A,410
16-May-2018,411,Default,09:30,18:30,,,00:00,00:00,00:00,,0,,0,Absent,A,411
17-May-2018,411,Default,09:30,18:30,,,00:00,00:00,00:00,,0,,0,Absent,A,411
16-May-2018,412,Default,09:30,18:30,,,00:00,00:00,00:00,,0,,0,Absent,A,412
17-May-2018,412,Default,09:30,18:30,,,00:00,00:00,00:00,,0,,0,Absent,A,412
16-May-2018,413,Default,09:30,18:30,,,00:00,00:00,00:00,,0,,0,Absent,A,413
17-May-2018,413,Default,09:30,18:30,,,00:00,00:00,00:00,,0,,0,Absent,A,413
16-May-2018,414,Default,09:30,18:30,,,00:00,00:00,00:00,,0,,0,Absent,A,414
17-May-2018,414,Default,09:30,18:30,,,00:00,00:00,00:00,,0,,0,Absent,A,414
16-May-2018,415,Default,09:30,18:30,09:47:47,18:51:58,09:00,00:18,00:00,,0,09:47:47(in);18:51:58(in);,0,Present,P,415
17-May-2018,415,Default,09:30,18:30,09:42:56,,00:00,00:00,00:00,,0,09:42:56(in);,0,Present,P,415
16-May-2018,416,Default,09:30,18:30,,,00:00,00:00,00:00,,0,,0,Absent,A,416
17-May-2018,416,Default,09:30,18:30,,,00:00,00:00,00:00,,0,,0,Absent,A,416
16-May-2018,417,Default,09:30,18:30,,,00:00,00:00,00:00,,0,,0,Absent,A,417
17-May-2018,417,Default,09:30,18:30,,,00:00,00:00,00:00,,0,,0,Absent,A,417
16-May-2018,418,Default,09:30,18:30,,,00:00,00:00,00:00,,0,,0,Absent,A,418
17-May-2018,418,Default,09:30,18:30,,,00:00,00:00,00:00,,0,,0,Absent,A,418
16-May-2018,419,Default,09:30,18:30,,,00:00,00:00,00:00,,0,,0,Absent,A,419
17-May-2018,419,Default,09:30,18:30,,,00:00,00:00,00:00,,0,,0,Absent,A,419
16-May-2018,420,Default,09:30,18:30,,,00:00,00:00,00:00,,0,,0,Absent,A,420
17-May-2018,420,Default,09:30,18:30,,,00:00,00:00,00:00,,0,,0,Absent,A,420
16-May-2018,421,Default,09:30,18:30,,,00:00,00:00,00:00,,0,,0,Absent,A,421
17-May-2018,421,Default,09:30,18:30,,,00:00,00:00,00:00,,0,,0,Absent,A,421
16-May-2018,422,Default,09:30,18:30,09:39:45,19:16:02,09:00,00:00,00:00,,0,09:39:45(in);19:16:02(in);,36,Present,P,422
17-May-2018,422,Default,09:30,18:30,09:45:06,,00:00,00:15,00:00,,0,09:45:06(in);,0,Present,P,422
16-May-2018,423,Default,09:30,18:30,,,00:00,00:00,00:00,,0,,0,Absent,A,423
17-May-2018,423,Default,09:30,18:30,,,00:00,00:00,00:00,,0,,0,Absent,A,423
16-May-2018,424,Default,09:30,18:30,,,00:00,00:00,00:00,,0,,0,Absent,A,424
17-May-2018,424,Default,09:30,18:30,,,00:00,00:00,00:00,,0,,0,Absent,A,424
16-May-2018,425,Default,09:30,18:30,,,00:00,00:00,00:00,,0,,0,Absent,A,425
17-May-2018,425,Default,09:30,18:30,,,00:00,00:00,00:00,,0,,0,Absent,A,425
16-May-2018,426,Default,09:30,18:30,,,00:00,00:00,00:00,,0,,0,Absent,A,426
17-May-2018,426,Default,09:30,18:30,,,00:00,00:00,00:00,,0,,0,Absent,A,426
16-May-2018,427,Default,09:30,18:30,10:10:59,18:56:51,08:46,00:41,00:00,,0,10:10:59(in);18:56:51(in);,0,Present,P,427
17-May-2018,427,Default,09:30,18:30,10:04:47,,00:00,00:35,00:00,,0,10:04:47(in);,0,Present,P,427
16-May-2018,428,Default,09:30,18:30,10:10:51,18:56:45,08:46,00:41,00:00,,0,10:10:51(in);18:56:45(in);,0,Present,P,428
17-May-2018,428,Default,09:30,18:30,11:17:54,,00:00,01:48,00:00,,0,11:17:54(in);,0,Present,P,428
16-May-2018,429,Default,09:30,18:30,09:46:15,19:01:34,09:00,00:16,00:00,,0,09:46:15(in);19:01:34(in);,15,Present,P,429
17-May-2018,429,Default,09:30,18:30,09:45:33,,00:00,00:16,00:00,,0,09:45:33(in);,0,Present,P,429
16-May-2018,430,Default,09:30,18:30,,,00:00,00:00,00:00,,0,,0,Absent,A,430
17-May-2018,430,Default,09:30,18:30,,,00:00,00:00,00:00,,0,,0,Absent,A,430
16-May-2018,431,Default,09:30,18:30,,,00:00,00:00,00:00,,0,,0,Absent,A,431
17-May-2018,431,Default,09:30,18:30,,,00:00,00:00,00:00,,0,,0,Absent,A,431
16-May-2018,432,Default,09:30,18:30,,,00:00,00:00,00:00,,0,,0,Absent,A,432
17-May-2018,432,Default,09:30,18:30,,,00:00,00:00,00:00,,0,,0,Absent,A,432
16-May-2018,433,Default,09:30,18:30,,,00:00,00:00,00:00,,0,,0,Absent,A,433
17-May-2018,433,Default,09:30,18:30,,,00:00,00:00,00:00,,0,,0,Absent,A,433
16-May-2018,434,Default,09:30,18:30,,,00:00,00:00,00:00,,0,,0,Absent,A,434
17-May-2018,434,Default,09:30,18:30,,,00:00,00:00,00:00,,0,,0,Absent,A,434
16-May-2018,435,Default,09:30,18:30,,,00:00,00:00,00:00,,0,,0,Absent,A,435
17-May-2018,435,Default,09:30,18:30,,,00:00,00:00,00:00,,0,,0,Absent,A,435
16-May-2018,436,Default,09:30,18:30,,,00:00,00:00,00:00,,0,,0,Absent,A,436
17-May-2018,436,Default,09:30,18:30,,,00:00,00:00,00:00,,0,,0,Absent,A,436
16-May-2018,437,Default,09:30,18:30,,,00:00,00:00,00:00,,0,,0,Absent,A,437
17-May-2018,437,Default,09:30,18:30,,,00:00,00:00,00:00,,0,,0,Absent,A,437
16-May-2018,438,Default,09:30,18:30,,,00:00,00:00,00:00,,0,,0,Absent,A,438
17-May-2018,438,Default,09:30,18:30,,,00:00,00:00,00:00,,0,,0,Absent,A,438
16-May-2018,439,Default,09:30,18:30,,,00:00,00:00,00:00,,0,,0,Absent,A,439
17-May-2018,439,Default,09:30,18:30,,,00:00,00:00,00:00,,0,,0,Absent,A,439
16-May-2018,440,Default,09:30,18:30,,,00:00,00:00,00:00,,0,,0,Absent,A,440
17-May-2018,440,Default,09:30,18:30,,,00:00,00:00,00:00,,0,,0,Absent,A,440
16-May-2018,450,Default,09:30,18:30,,,00:00,00:00,00:00,,0,,0,Absent,A,450
17-May-2018,450,Default,09:30,18:30,,,00:00,00:00,00:00,,0,,0,Absent,A,450
16-May-2018,451,Default,09:30,18:30,09:45:35,18:34:07,08:49,00:16,00:00,,0,09:45:35(in);18:34:07(in);,0,Present,P,451
17-May-2018,451,Default,09:30,18:30,09:53:45,,00:00,00:24,00:00,,0,09:53:45(in);,0,Present,P,451
16-May-2018,452,Default,09:30,18:30,,,00:00,00:00,00:00,,0,,0,Absent,A,452
17-May-2018,452,Default,09:30,18:30,,,00:00,00:00,00:00,,0,,0,Absent,A,452
16-May-2018,453,Default,09:30,18:30,09:38:35,19:18:02,09:00,00:00,00:00,,0,09:38:35(in);19:18:02(in);,39,Present,P,453
17-May-2018,453,Default,09:30,18:30,09:39:26,,00:00,00:00,00:00,,0,09:39:26(in);,0,Present,P,453
16-May-2018,454,Default,09:30,18:30,08:54:14,18:18:21,09:00,00:00,00:00,,0,08:54:14(in);18:18:21(in);,24,Present,P,454
17-May-2018,454,Default,09:30,18:30,08:54:58,,00:00,00:00,00:00,,0,08:54:58(in);,0,Present,P,454
16-May-2018,455,Default,09:30,18:30,,,00:00,00:00,00:00,,0,,0,Absent,A,455
17-May-2018,455,Default,09:30,18:30,,,00:00,00:00,00:00,,0,,0,Absent,A,455
16-May-2018,456,Default,09:30,18:30,,,00:00,00:00,00:00,,0,,0,Absent,A,456
17-May-2018,456,Default,09:30,18:30,,,00:00,00:00,00:00,,0,,0,Absent,A,456
16-May-2018,457,Default,09:30,18:30,09:02:54,,00:00,00:00,00:00,,0,09:02:54(in);,0,Present,P,457
17-May-2018,457,Default,09:30,18:30,09:02:11,,00:00,00:00,00:00,,0,09:02:11(in);,0,Present,P,457
16-May-2018,458,Default,09:30,18:30,08:55:54,18:18:04,09:00,00:00,00:00,,0,08:55:54(in);18:18:04(in);,22,Present,P,458
17-May-2018,458,Default,09:30,18:30,08:53:11,,00:00,00:00,00:00,,0,08:53:11(in);,0,Present,P,458
16-May-2018,2000,Default,09:30,18:30,,,00:00,00:00,00:00,,0,,0,Absent,A,2000
17-May-2018,2000,Default,09:30,18:30,,,00:00,00:00,00:00,,0,,0,Absent,A,2000
16-May-2018,2001,Default,09:30,18:30,08:55:24,21:26:07,09:00,00:00,00:00,,0,08:55:24(in);21:26:07(in);,211,Present,P,2001
17-May-2018,2001,Default,09:30,18:30,09:00:19,,00:00,00:00,00:00,,0,09:00:19(in);,0,Present,P,2001
16-May-2018,2002,Default,09:30,18:30,,,00:00,00:00,00:00,,0,,0,Absent,A,2002
17-May-2018,2002,Default,09:30,18:30,,,00:00,00:00,00:00,,0,,0,Absent,A,2002
16-May-2018,2003,Default,09:30,18:30,08:51:15,20:27:33,09:00,00:00,00:00,,0,08:51:15(in);20:27:33(in);,156,Present,P,2003
17-May-2018,2003,Default,09:30,18:30,08:58:46,,00:00,00:00,00:00,,0,08:58:46(in);,0,Present,P,2003
16-May-2018,2004,Default,09:30,18:30,08:59:22,21:28:22,09:00,00:00,00:00,,0,08:59:22(in);21:28:22(in);,209,Present,P,2004
17-May-2018,2004,Default,09:30,18:30,08:59:35,,00:00,00:00,00:00,,0,08:59:35(in);,0,Present,P,2004
16-May-2018,2005,Default,09:30,18:30,08:52:56,21:25:41,09:00,00:00,00:00,,0,08:52:56(in);21:25:41(in);,213,Present,P,2005
17-May-2018,2005,Default,09:30,18:30,08:45:54,,00:00,00:00,00:00,,0,08:45:54(in);,0,Present,P,2005
16-May-2018,2006,Default,09:30,18:30,,,00:00,00:00,00:00,,0,,0,Absent,A,2006
17-May-2018,2006,Default,09:30,18:30,,,00:00,00:00,00:00,,0,,0,Absent,A,2006
16-May-2018,2007,Default,09:30,18:30,,,00:00,00:00,00:00,,0,,0,Absent,A,2007
17-May-2018,2007,Default,09:30,18:30,,,00:00,00:00,00:00,,0,,0,Absent,A,2007
16-May-2018,2008,Default,09:30,18:30,,,00:00,00:00,00:00,,0,,0,Absent,A,2008
17-May-2018,2008,Default,09:30,18:30,,,00:00,00:00,00:00,,0,,0,Absent,A,2008
16-May-2018,2009,Default,09:30,18:30,08:55:17,21:24:40,09:00,00:00,00:00,,0,08:55:17(in);21:24:40(in);,209,Present,P,2009
17-May-2018,2009,Default,09:30,18:30,08:54:09,,00:00,00:00,00:00,,0,08:54:09(in);,0,Present,P,2009
16-May-2018,2010,Default,09:30,18:30,08:59:11,,00:00,00:00,00:00,,0,08:59:11(in);,0,Present,P,2010
17-May-2018,2010,Default,09:30,18:30,,,00:00,00:00,00:00,,0,,0,Absent,A,2010
16-May-2018,2011,Default,09:30,18:30,,,00:00,00:00,00:00,,0,,0,Absent,A,2011
17-May-2018,2011,Default,09:30,18:30,08:59:59,,00:00,00:00,00:00,,0,08:59:59(in);,0,Present,P,2011
16-May-2018,2012,Default,09:30,18:30,08:20:10,20:31:09,09:00,00:00,00:00,,0,08:20:10(in);20:31:09(in);,191,Present,P,2012
17-May-2018,2012,Default,09:30,18:30,08:31:33,,00:00,00:00,00:00,,0,08:31:33(in);,0,Present,P,2012
16-May-2018,2013,Default,09:30,18:30,08:41:57,21:24:56,09:00,00:00,00:00,,0,08:41:57(in);21:24:56(in);,223,Present,P,2013
17-May-2018,2013,Default,09:30,18:30,08:45:06,,00:00,00:00,00:00,,0,08:45:06(in);,0,Present,P,2013
16-May-2018,2014,Default,09:30,18:30,,,00:00,00:00,00:00,,0,,0,Absent,A,2014
17-May-2018,2014,Default,09:30,18:30,,,00:00,00:00,00:00,,0,,0,Absent,A,2014
16-May-2018,2015,Default,09:30,18:30,,,00:00,00:00,00:00,,0,,0,Absent,A,2015
17-May-2018,2015,Default,09:30,18:30,,,00:00,00:00,00:00,,0,,0,Absent,A,2015
16-May-2018,2016,Default,09:30,18:30,,,00:00,00:00,00:00,,0,,0,Absent,A,2016
17-May-2018,2016,Default,09:30,18:30,,,00:00,00:00,00:00,,0,,0,Absent,A,2016
16-May-2018,2017,Default,09:30,18:30,,,00:00,00:00,00:00,,0,,0,Absent,A,2017
17-May-2018,2017,Default,09:30,18:30,,,00:00,00:00,00:00,,0,,0,Absent,A,2017
16-May-2018,2018,Default,09:30,18:30,,,00:00,00:00,00:00,,0,,0,Absent,A,2018
17-May-2018,2018,Default,09:30,18:30,,,00:00,00:00,00:00,,0,,0,Absent,A,2018
16-May-2018,2019,Default,09:30,18:30,,,00:00,00:00,00:00,,0,,0,Absent,A,2019
17-May-2018,2019,Default,09:30,18:30,,,00:00,00:00,00:00,,0,,0,Absent,A,2019
16-May-2018,2020,Default,09:30,18:30,,,00:00,00:00,00:00,,0,,0,Absent,A,2020
17-May-2018,2020,Default,09:30,18:30,,,00:00,00:00,00:00,,0,,0,Absent,A,2020
16-May-2018,2021,Default,09:30,18:30,,,00:00,00:00,00:00,,0,,0,Absent,A,2021
17-May-2018,2021,Default,09:30,18:30,,,00:00,00:00,00:00,,0,,0,Absent,A,2021
16-May-2018,2022,Default,09:30,18:30,09:01:57,21:30:41,09:00,00:00,00:00,,0,09:01:57(in);21:30:41(in);,209,Present,P,2022
17-May-2018,2022,Default,09:30,18:30,08:54:01,,00:00,00:00,00:00,,0,08:54:01(in);,0,Present,P,2022
16-May-2018,2023,Default,09:30,18:30,08:37:37,18:47:53,09:00,00:00,00:00,,0,08:37:37(in);18:47:53(in);,70,Present,P,2023
17-May-2018,2023,Default,09:30,18:30,08:38:17,,00:00,00:00,00:00,,0,08:38:17(in);,0,Present,P,2023
16-May-2018,2024,Default,09:30,18:30,,,00:00,00:00,00:00,,0,,0,Absent,A,2024
17-May-2018,2024,Default,09:30,18:30,,,00:00,00:00,00:00,,0,,0,Absent,A,2024
16-May-2018,2025,Default,09:30,18:30,08:30:57,18:55:49,09:00,00:00,00:00,,0,08:30:57(in);18:55:49(in);,85,Present,P,2025
17-May-2018,2025,Default,09:30,18:30,08:37:59,,00:00,00:00,00:00,,0,08:37:59(in);,0,Present,P,2025
16-May-2018,2026,Default,09:30,18:30,08:29:18,18:55:43,09:00,00:00,00:00,,0,08:29:18(in);18:55:43(in);,86,Present,P,2026
17-May-2018,2026,Default,09:30,18:30,08:44:31,,00:00,00:00,00:00,,0,08:44:31(in);,0,Present,P,2026
16-May-2018,2027,Default,09:30,18:30,,,00:00,00:00,00:00,,0,,0,Absent,A,2027
17-May-2018,2027,Default,09:30,18:30,,,00:00,00:00,00:00,,0,,0,Absent,A,2027
16-May-2018,2028,Default,09:30,18:30,,,00:00,00:00,00:00,,0,,0,Absent,A,2028
17-May-2018,2028,Default,09:30,18:30,,,00:00,00:00,00:00,,0,,0,Absent,A,2028
16-May-2018,2029,Default,09:30,18:30,,,00:00,00:00,00:00,,0,,0,Absent,A,2029
17-May-2018,2029,Default,09:30,18:30,08:54:25,,00:00,00:00,00:00,,0,08:54:25(in);,0,Present,P,2029
16-May-2018,2030,Default,09:30,18:30,,,00:00,00:00,00:00,,0,,0,Absent,A,2030
17-May-2018,2030,Default,09:30,18:30,08:55:28,,00:00,00:00,00:00,,0,08:55:28(in);,0,Present,P,2030
16-May-2018,2031,Default,09:30,18:30,08:52:03,21:26:38,09:00,00:00,00:00,,0,08:52:03(in);21:26:38(in);,215,Present,P,2031
17-May-2018,2031,Default,09:30,18:30,08:56:34,,00:00,00:00,00:00,,0,08:56:34(in);,0,Present,P,2031
16-May-2018,2032,Default,09:30,18:30,,,00:00,00:00,00:00,,0,,0,Absent,A,2032
17-May-2018,2032,Default,09:30,18:30,,,00:00,00:00,00:00,,0,,0,Absent,A,2032
16-May-2018,2033,Default,09:30,18:30,08:58:16,21:26:45,09:00,00:00,00:00,,0,08:58:16(in);21:26:45(in);,208,Present,P,2033
17-May-2018,2033,Default,09:30,18:30,09:03:13,,00:00,00:00,00:00,,0,09:03:13(in);,0,Present,P,2033
16-May-2018,2034,Default,09:30,18:30,,,00:00,00:00,00:00,,0,,0,Absent,A,2034
17-May-2018,2034,Default,09:30,18:30,08:24:24,,00:00,00:00,00:00,,0,08:24:24(in);,0,Present,P,2034
16-May-2018,2035,Default,09:30,18:30,08:34:03,18:39:22,09:00,00:00,00:00,,0,08:34:03(in);18:39:22(in);,65,Present,P,2035
17-May-2018,2035,Default,09:30,18:30,08:33:10,,00:00,00:00,00:00,,0,08:33:10(in);,0,Present,P,2035
16-May-2018,2036,Default,09:30,18:30,,,00:00,00:00,00:00,,0,,0,Absent,A,2036
17-May-2018,2036,Default,09:30,18:30,,,00:00,00:00,00:00,,0,,0,Absent,A,2036
16-May-2018,2037,Default,09:30,18:30,08:30:23,18:39:12,09:00,00:00,00:00,,0,08:30:23(in);18:39:12(in);,69,Present,P,2037
17-May-2018,2037,Default,09:30,18:30,08:38:04,,00:00,00:00,00:00,,0,08:38:04(in);,0,Present,P,2037
16-May-2018,2038,Default,09:30,18:30,08:56:15,21:26:23,09:00,00:00,00:00,,0,08:56:15(in);21:26:23(in);,210,Present,P,2038
17-May-2018,2038,Default,09:30,18:30,08:43:35,,00:00,00:00,00:00,,0,08:43:35(in);,0,Present,P,2038
16-May-2018,2039,Default,09:30,18:30,,,00:00,00:00,00:00,,0,,0,Absent,A,2039
17-May-2018,2039,Default,09:30,18:30,08:44:42,13:05:45,04:21,00:00,05:24,,0,08:44:42(in);13:05:45(in);,0,1/2Present,1/2P,2039
16-May-2018,2040,Default,09:30,18:30,08:30:07,18:50:55,09:00,00:00,00:00,,0,08:30:07(in);18:50:55(in);,81,Present,P,2040
17-May-2018,2040,Default,09:30,18:30,08:37:38,,00:00,00:00,00:00,,0,08:37:38(in);,0,Present,P,2040
16-May-2018,2041,Default,09:30,18:30,08:34:15,18:39:04,09:00,00:00,00:00,,0,08:34:15(in);18:39:04(in);,65,Present,P,2041
17-May-2018,2041,Default,09:30,18:30,08:31:05,,00:00,00:00,00:00,,0,08:31:05(in);,0,Present,P,2041
16-May-2018,2042,Default,09:30,18:30,,,00:00,00:00,00:00,,0,,0,Absent,A,2042
17-May-2018,2042,Default,09:30,18:30,,,00:00,00:00,00:00,,0,,0,Absent,A,2042
16-May-2018,2043,Default,09:30,18:30,,,00:00,00:00,00:00,,0,,0,Absent,A,2043
17-May-2018,2043,Default,09:30,18:30,,,00:00,00:00,00:00,,0,,0,Absent,A,2043
16-May-2018,2044,Default,09:30,18:30,09:08:31,21:40:48,09:00,00:00,00:00,,0,09:08:31(in);21:40:48(in);,212,Present,P,2044
17-May-2018,2044,Default,09:30,18:30,11:13:27,,00:00,01:43,00:00,,0,11:13:27(in);,0,Present,P,2044
16-May-2018,2045,Default,09:30,18:30,09:00:07,21:27:49,09:00,00:00,00:00,,0,09:00:07(in);21:27:49(in);,208,Present,P,2045
17-May-2018,2045,Default,09:30,18:30,09:00:51,,00:00,00:00,00:00,,0,09:00:51(in);,0,Present,P,2045
16-May-2018,2046,Default,09:30,18:30,,,00:00,00:00,00:00,,0,,0,Absent,A,2046
17-May-2018,2046,Default,09:30,18:30,,,00:00,00:00,00:00,,0,,0,Absent,A,2046
16-May-2018,2047,Default,09:30,18:30,08:56:22,21:24:49,09:00,00:00,00:00,,0,08:56:22(in);21:24:49(in);,208,Present,P,2047
17-May-2018,2047,Default,09:30,18:30,09:00:13,,00:00,00:00,00:00,,0,09:00:13(in);,0,Present,P,2047
16-May-2018,2048,Default,09:30,18:30,,,00:00,00:00,00:00,,0,,0,Absent,A,2048
17-May-2018,2048,Default,09:30,18:30,,,00:00,00:00,00:00,,0,,0,Absent,A,2048
16-May-2018,2049,Default,09:30,18:30,08:54:16,21:24:22,09:00,00:00,00:00,,0,08:54:16(in);21:24:22(in);,210,Present,P,2049
17-May-2018,2049,Default,09:30,18:30,08:56:24,,00:00,00:00,00:00,,0,08:56:24(in);,0,Present,P,2049
16-May-2018,2050,Default,09:30,18:30,,,00:00,00:00,00:00,,0,,0,Absent,A,2050
17-May-2018,2050,Default,09:30,18:30,,,00:00,00:00,00:00,,0,,0,Absent,A,2050
16-May-2018,2051,Default,09:30,18:30,,,00:00,00:00,00:00,,0,,0,Absent,A,2051
17-May-2018,2051,Default,09:30,18:30,,,00:00,00:00,00:00,,0,,0,Absent,A,2051
16-May-2018,2052,Default,09:30,18:30,08:58:46,,00:00,00:00,00:00,,0,08:58:46(in);,0,Present,P,2052
17-May-2018,2052,Default,09:30,18:30,09:02:57,,00:00,00:00,00:00,,0,09:02:57(in);,0,Present,P,2052
16-May-2018,2053,Default,09:30,18:30,08:57:57,,00:00,00:00,00:00,,0,08:57:57(in);,0,Present,P,2053
17-May-2018,2053,Default,09:30,18:30,08:58:51,,00:00,00:00,00:00,,0,08:58:51(in);,0,Present,P,2053
16-May-2018,2054,Default,09:30,18:30,08:55:30,21:30:50,09:00,00:00,00:00,,0,08:55:30(in);21:30:50(in);,215,Present,P,2054
17-May-2018,2054,Default,09:30,18:30,08:59:39,,00:00,00:00,00:00,,0,08:59:39(in);,0,Present,P,2054
16-May-2018,2055,Default,09:30,18:30,,,00:00,00:00,00:00,,0,,0,Absent,A,2055
17-May-2018,2055,Default,09:30,18:30,,,00:00,00:00,00:00,,0,,0,Absent,A,2055
16-May-2018,2056,Default,09:30,18:30,,,00:00,00:00,00:00,,0,,0,Absent,A,2056
17-May-2018,2056,Default,09:30,18:30,,,00:00,00:00,00:00,,0,,0,Absent,A,2056
16-May-2018,2057,Default,09:30,18:30,,,00:00,00:00,00:00,,0,,0,Absent,A,2057
17-May-2018,2057,Default,09:30,18:30,,,00:00,00:00,00:00,,0,,0,Absent,A,2057
16-May-2018,2058,Default,09:30,18:30,,,00:00,00:00,00:00,,0,,0,Absent,A,2058
17-May-2018,2058,Default,09:30,18:30,,,00:00,00:00,00:00,,0,,0,Absent,A,2058
16-May-2018,2059,Default,09:30,18:30,,,00:00,00:00,00:00,,0,,0,Absent,A,2059
17-May-2018,2059,Default,09:30,18:30,,,00:00,00:00,00:00,,0,,0,Absent,A,2059
16-May-2018,2060,Default,09:30,18:30,,,00:00,00:00,00:00,,0,,0,Absent,A,2060
17-May-2018,2060,Default,09:30,18:30,,,00:00,00:00,00:00,,0,,0,Absent,A,2060
16-May-2018,2061,Default,09:30,18:30,,,00:00,00:00,00:00,,0,,0,Absent,A,2061
17-May-2018,2061,Default,09:30,18:30,,,00:00,00:00,00:00,,0,,0,Absent,A,2061
16-May-2018,2062,Default,09:30,18:30,,,00:00,00:00,00:00,,0,,0,Absent,A,2062
17-May-2018,2062,Default,09:30,18:30,,,00:00,00:00,00:00,,0,,0,Absent,A,2062
16-May-2018,2063,Default,09:30,18:30,,,00:00,00:00,00:00,,0,,0,Absent,A,2063
17-May-2018,2063,Default,09:30,18:30,,,00:00,00:00,00:00,,0,,0,Absent,A,2063
16-May-2018,2064,Default,09:30,18:30,,,00:00,00:00,00:00,,0,,0,Absent,A,2064
17-May-2018,2064,Default,09:30,18:30,,,00:00,00:00,00:00,,0,,0,Absent,A,2064
16-May-2018,2065,Default,09:30,18:30,09:00:48,,00:00,00:00,00:00,,0,09:00:48(in);,0,Present,P,2065
17-May-2018,2065,Default,09:30,18:30,09:00:57,,00:00,00:00,00:00,,0,09:00:57(in);,0,Present,P,2065
16-May-2018,2066,Default,09:30,18:30,,,00:00,00:00,00:00,,0,,0,Absent,A,2066
17-May-2018,2066,Default,09:30,18:30,,,00:00,00:00,00:00,,0,,0,Absent,A,2066
16-May-2018,2067,Default,09:30,18:30,08:55:52,21:28:28,09:00,00:00,00:00,,0,08:55:52(in);21:28:28(in);,213,Present,P,2067
17-May-2018,2067,Default,09:30,18:30,08:49:40,,00:00,00:00,00:00,,0,08:49:40(in);,0,Present,P,2067
16-May-2018,2068,Default,09:30,18:30,,,00:00,00:00,00:00,,0,,0,Absent,A,2068
17-May-2018,2068,Default,09:30,18:30,,,00:00,00:00,00:00,,0,,0,Absent,A,2068
16-May-2018,2069,Default,09:30,18:30,,,00:00,00:00,00:00,,0,,0,Absent,A,2069
17-May-2018,2069,Default,09:30,18:30,,,00:00,00:00,00:00,,0,,0,Absent,A,2069
16-May-2018,2070,Default,09:30,18:30,,,00:00,00:00,00:00,,0,,0,Absent,A,2070
17-May-2018,2070,Default,09:30,18:30,,,00:00,00:00,00:00,,0,,0,Absent,A,2070
16-May-2018,2071,Default,09:30,18:30,,,00:00,00:00,00:00,,0,,0,Absent,A,2071
17-May-2018,2071,Default,09:30,18:30,,,00:00,00:00,00:00,,0,,0,Absent,A,2071
16-May-2018,2072,Default,09:30,18:30,21:00:08,,00:00,11:30,00:00,,0,21:00:08(in);,0,Present,P,2072
17-May-2018,2072,Default,09:30,18:30,,,00:00,00:00,00:00,,0,,0,Absent,A,2072
16-May-2018,2073,Default,09:30,18:30,08:47:23,21:25:28,09:00,00:00,00:00,,0,08:47:23(in);21:25:28(in);,218,Present,P,2073
17-May-2018,2073,Default,09:30,18:30,08:46:58,,00:00,00:00,00:00,,0,08:46:58(in);,0,Present,P,2073
16-May-2018,2074,Default,09:30,18:30,,,00:00,00:00,00:00,,0,,0,Absent,A,2074
17-May-2018,2074,Default,09:30,18:30,,,00:00,00:00,00:00,,0,,0,Absent,A,2074
16-May-2018,2075,Default,09:30,18:30,,,00:00,00:00,00:00,,0,,0,Absent,A,2075
17-May-2018,2075,Default,09:30,18:30,,,00:00,00:00,00:00,,0,,0,Absent,A,2075
16-May-2018,2076,Default,09:30,18:30,08:34:33,21:28:17,09:00,00:00,00:00,,0,08:34:33(in);21:28:17(in);,234,Present,P,2076
17-May-2018,2076,Default,09:30,18:30,08:31:50,,00:00,00:00,00:00,,0,08:31:50(in);,0,Present,P,2076
16-May-2018,2077,Default,09:30,18:30,08:59:39,21:28:12,09:00,00:00,00:00,,0,08:59:39(in);21:28:12(in);,209,Present,P,2077
17-May-2018,2077,Default,09:30,18:30,09:00:23,,00:00,00:00,00:00,,0,09:00:23(in);,0,Present,P,2077
16-May-2018,2078,Default,09:30,18:30,08:58:58,20:31:41,09:00,00:00,00:00,,0,08:58:58(in);20:31:41(in);,153,Present,P,2078
17-May-2018,2078,Default,09:30,18:30,08:59:25,,00:00,00:00,00:00,,0,08:59:25(in);,0,Present,P,2078
16-May-2018,2079,Default,09:30,18:30,08:53:05,,00:00,00:00,00:00,,0,08:53:05(in);,0,Present,P,2079
17-May-2018,2079,Default,09:30,18:30,08:56:03,,00:00,00:00,00:00,,0,08:56:03(in);,0,Present,P,2079
16-May-2018,2080,Default,09:30,18:30,09:02:30,,00:00,00:00,00:00,,0,09:02:30(in);,0,Present,P,2080
17-May-2018,2080,Default,09:30,18:30,09:00:38,,00:00,00:00,00:00,,0,09:00:38(in);,0,Present,P,2080
16-May-2018,2081,Default,09:30,18:30,,,00:00,00:00,00:00,,0,,0,Absent,A,2081
17-May-2018,2081,Default,09:30,18:30,,,00:00,00:00,00:00,,0,,0,Absent,A,2081
16-May-2018,2082,Default,09:30,18:30,,,00:00,00:00,00:00,,0,,0,Absent,A,2082
17-May-2018,2082,Default,09:30,18:30,08:52:09,,00:00,00:00,00:00,,0,08:52:09(in);,0,Present,P,2082
16-May-2018,2083,Default,09:30,18:30,,,00:00,00:00,00:00,,0,,0,Absent,A,2083
17-May-2018,2083,Default,09:30,18:30,08:51:58,,00:00,00:00,00:00,,0,08:51:58(in);,0,Present,P,2083
16-May-2018,2084,Default,09:30,18:30,,,00:00,00:00,00:00,,0,,0,Absent,A,2084
17-May-2018,2084,Default,09:30,18:30,,,00:00,00:00,00:00,,0,,0,Absent,A,2084
16-May-2018,2085,Default,09:30,18:30,08:56:08,21:24:16,09:00,00:00,00:00,,0,08:56:08(in);21:24:16(in);,208,Present,P,2085
17-May-2018,2085,Default,09:30,18:30,08:55:23,,00:00,00:00,00:00,,0,08:55:23(in);,0,Present,P,2085
16-May-2018,2086,Default,09:30,18:30,21:29:53,,00:00,12:00,00:00,,0,21:29:53(in);,0,Present,P,2086
17-May-2018,2086,Default,09:30,18:30,08:45:43,,00:00,00:00,00:00,,0,08:45:43(in);,0,Present,P,2086
16-May-2018,2087,Default,09:30,18:30,,,00:00,00:00,00:00,,0,,0,Absent,A,2087
17-May-2018,2087,Default,09:30,18:30,,,00:00,00:00,00:00,,0,,0,Absent,A,2087
16-May-2018,2088,Default,09:30,18:30,08:57:30,19:35:58,09:00,00:00,00:00,,0,08:57:30(in);19:35:58(in);,98,Present,P,2088
17-May-2018,2088,Default,09:30,18:30,09:00:28,,00:00,00:00,00:00,,0,09:00:28(in);,0,Present,P,2088
16-May-2018,2089,Default,09:30,18:30,,,00:00,00:00,00:00,,0,,0,Absent,A,2089
17-May-2018,2089,Default,09:30,18:30,,,00:00,00:00,00:00,,0,,0,Absent,A,2089
16-May-2018,2090,Default,09:30,18:30,08:59:49,,00:00,00:00,00:00,,0,08:59:49(in);,0,Present,P,2090
17-May-2018,2090,Default,09:30,18:30,08:58:24,,00:00,00:00,00:00,,0,08:58:24(in);,0,Present,P,2090
16-May-2018,2091,Default,09:30,18:30,09:01:10,16:51:58,07:51,00:00,01:38,,0,09:01:10(in);16:51:58(in);,0,1/2Present,1/2P,2091
17-May-2018,2091,Default,09:30,18:30,09:02:46,,00:00,00:00,00:00,,0,09:02:46(in);,0,Present,P,2091
16-May-2018,2092,Default,09:30,18:30,09:11:11,20:12:34,09:00,00:00,00:00,,0,09:11:11(in);20:12:34(in);,121,Present,P,2092
17-May-2018,2092,Default,09:30,18:30,09:06:21,,00:00,00:00,00:00,,0,09:06:21(in);,0,Present,P,2092
16-May-2018,2093,Default,09:30,18:30,08:53:12,21:27:44,09:00,00:00,00:00,,0,08:53:12(in);21:27:44(in);,215,Present,P,2093
17-May-2018,2093,Default,09:30,18:30,08:58:28,,00:00,00:00,00:00,,0,08:58:28(in);,0,Present,P,2093
16-May-2018,2094,Default,09:30,18:30,,,00:00,00:00,00:00,,0,,0,Absent,A,2094
17-May-2018,2094,Default,09:30,18:30,08:50:53,,00:00,00:00,00:00,,0,08:50:53(in);,0,Present,P,2094
16-May-2018,2095,Default,09:30,18:30,,,00:00,00:00,00:00,,0,,0,Absent,A,2095
17-May-2018,2095,Default,09:30,18:30,,,00:00,00:00,00:00,,0,,0,Absent,A,2095
16-May-2018,2096,Default,09:30,18:30,08:30:12,18:50:50,09:00,00:00,00:00,,0,08:30:12(in);18:50:50(in);,81,Present,P,2096
17-May-2018,2096,Default,09:30,18:30,08:31:43,,00:00,00:00,00:00,,0,08:31:43(in);,0,Present,P,2096
16-May-2018,2097,Default,09:30,18:30,,,00:00,00:00,00:00,,0,,0,Absent,A,2097
17-May-2018,2097,Default,09:30,18:30,,,00:00,00:00,00:00,,0,,0,Absent,A,2097
16-May-2018,2098,Default,09:30,18:30,,,00:00,00:00,00:00,,0,,0,Absent,A,2098
17-May-2018,2098,Default,09:30,18:30,08:54:57,,00:00,00:00,00:00,,0,08:54:57(in);,0,Present,P,2098
16-May-2018,2099,Default,09:30,18:30,,,00:00,00:00,00:00,,0,,0,Absent,A,2099
17-May-2018,2099,Default,09:30,18:30,,,00:00,00:00,00:00,,0,,0,Absent,A,2099
16-May-2018,2100,Default,09:30,18:30,,,00:00,00:00,00:00,,0,,0,Absent,A,2100
17-May-2018,2100,Default,09:30,18:30,,,00:00,00:00,00:00,,0,,0,Absent,A,2100
16-May-2018,2101,Default,09:30,18:30,10:07:18,19:31:21,09:00,00:37,00:00,,0,10:07:18(in);19:31:21(in);,24,Present,P,2101
17-May-2018,2101,Default,09:30,18:30,10:17:19,,00:00,00:47,00:00,,0,10:17:19(in);,0,Present,P,2101
16-May-2018,2102,Default,09:30,18:30,09:02:55,18:52:19,09:00,00:00,00:00,,0,09:02:55(in);18:52:19(in);,49,Present,P,2102
17-May-2018,2102,Default,09:30,18:30,09:00:07,,00:00,00:00,00:00,,0,09:00:07(in);,0,Present,P,2102
16-May-2018,2103,Default,09:30,18:30,,,00:00,00:00,00:00,,0,,0,Absent,A,2103
17-May-2018,2103,Default,09:30,18:30,,,00:00,00:00,00:00,,0,,0,Absent,A,2103
16-May-2018,2104,Default,09:30,18:30,09:04:03,19:19:16,09:00,00:00,00:00,,0,09:04:03(in);19:19:16(in);,75,Present,P,2104
17-May-2018,2104,Default,09:30,18:30,09:04:00,,00:00,00:00,00:00,,0,09:04:00(in);,0,Present,P,2104
16-May-2018,2105,Default,09:30,18:30,08:50:18,20:20:25,09:00,00:00,00:00,,0,08:50:18(in);20:20:25(in);,150,Present,P,2105
17-May-2018,2105,Default,09:30,18:30,08:59:31,,00:00,00:00,00:00,,0,08:59:31(in);,0,Present,P,2105
16-May-2018,2106,Default,09:30,18:30,09:10:08,18:53:49,09:00,00:00,00:00,,0,09:10:08(in);18:11:55(in);18:53:49(in);,44,Present,P,2106
17-May-2018,2106,Default,09:30,18:30,09:05:24,,00:00,00:00,00:00,,0,09:05:24(in);,0,Present,P,2106
16-May-2018,2107,Default,09:30,18:30,,,00:00,00:00,00:00,,0,,0,Absent,A,2107
17-May-2018,2107,Default,09:30,18:30,,,00:00,00:00,00:00,,0,,0,Absent,A,2107
16-May-2018,2108,Default,09:30,18:30,08:59:55,,00:00,00:00,00:00,,0,08:59:55(in);,0,Present,P,2108
17-May-2018,2108,Default,09:30,18:30,,,00:00,00:00,00:00,,0,,0,Absent,A,2108
16-May-2018,2109,Default,09:30,18:30,,,00:00,00:00,00:00,,0,,0,Absent,A,2109
17-May-2018,2109,Default,09:30,18:30,,,00:00,00:00,00:00,,0,,0,Absent,A,2109
16-May-2018,2110,Default,09:30,18:30,,,00:00,00:00,00:00,,0,,0,Absent,A,2110
17-May-2018,2110,Default,09:30,18:30,,,00:00,00:00,00:00,,0,,0,Absent,A,2110
16-May-2018,2111,Default,09:30,18:30,,,00:00,00:00,00:00,,0,,0,Absent,A,2111
17-May-2018,2111,Default,09:30,18:30,,,00:00,00:00,00:00,,0,,0,Absent,A,2111
16-May-2018,2112,Default,09:30,18:30,,,00:00,00:00,00:00,,0,,0,Absent,A,2112
17-May-2018,2112,Default,09:30,18:30,,,00:00,00:00,00:00,,0,,0,Absent,A,2112
16-May-2018,2113,Default,09:30,18:30,09:00:32,21:26:30,09:00,00:00,00:00,,0,09:00:32(in);21:26:30(in);,206,Present,P,2113
17-May-2018,2113,Default,09:30,18:30,08:58:42,,00:00,00:00,00:00,,0,08:58:42(in);,0,Present,P,2113
16-May-2018,2114,Default,09:30,18:30,,,00:00,00:00,00:00,,0,,0,Absent,A,2114
17-May-2018,2114,Default,09:30,18:30,,,00:00,00:00,00:00,,0,,0,Absent,A,2114
16-May-2018,2115,Default,09:30,18:30,,,00:00,00:00,00:00,,0,,0,Absent,A,2115
17-May-2018,2115,Default,09:30,18:30,,,00:00,00:00,00:00,,0,,0,Absent,A,2115
16-May-2018,2116,Default,09:30,18:30,10:49:15,,00:00,01:19,00:00,,0,10:49:15(in);,0,Present,P,2116
17-May-2018,2116,Default,09:30,18:30,10:18:54,,00:00,00:49,00:00,,0,10:18:54(in);,0,Present,P,2116
16-May-2018,2117,Default,09:30,18:30,08:59:59,21:25:34,09:00,00:00,00:00,,0,08:59:59(in);21:25:34(in);,206,Present,P,2117
17-May-2018,2117,Default,09:30,18:30,,,00:00,00:00,00:00,,0,,0,Absent,A,2117
16-May-2018,2118,Default,09:30,18:30,08:59:34,,00:00,00:00,00:00,,0,08:59:34(in);,0,Present,P,2118
17-May-2018,2118,Default,09:30,18:30,08:57:58,,00:00,00:00,00:00,,0,08:57:58(in);,0,Present,P,2118
16-May-2018,2119,Default,09:30,18:30,,,00:00,00:00,00:00,,0,,0,Absent,A,2119
17-May-2018,2119,Default,09:30,18:30,,,00:00,00:00,00:00,,0,,0,Absent,A,2119
16-May-2018,2120,Default,09:30,18:30,,,00:00,00:00,00:00,,0,,0,Absent,A,2120
17-May-2018,2120,Default,09:30,18:30,,,00:00,00:00,00:00,,0,,0,Absent,A,2120
16-May-2018,2121,Default,09:30,18:30,09:12:00,20:52:47,09:00,00:00,00:00,,0,09:12:00(in);20:52:47(in);,161,Present,P,2121
17-May-2018,2121,Default,09:30,18:30,09:35:14,,00:00,00:00,00:00,,0,09:35:14(in);,0,Present,P,2121
16-May-2018,2122,Default,09:30,18:30,08:59:30,21:26:14,09:00,00:00,00:00,,0,08:59:30(in);21:26:14(in);,207,Present,P,2122
17-May-2018,2122,Default,09:30,18:30,08:57:53,,00:00,00:00,00:00,,0,08:57:53(in);,0,Present,P,2122
16-May-2018,2123,Default,09:30,18:30,,,00:00,00:00,00:00,,0,,0,Absent,A,2123
17-May-2018,2123,Default,09:30,18:30,,,00:00,00:00,00:00,,0,,0,Absent,A,2123
16-May-2018,2124,Default,09:30,18:30,08:48:04,,00:00,00:00,00:00,,0,08:48:04(in);,0,Present,P,2124
17-May-2018,2124,Default,09:30,18:30,08:57:05,,00:00,00:00,00:00,,0,08:57:05(in);,0,Present,P,2124
16-May-2018,2125,Default,09:30,18:30,,,00:00,00:00,00:00,,0,,0,Absent,A,2125
17-May-2018,2125,Default,09:30,18:30,08:45:16,,00:00,00:00,00:00,,0,08:45:16(in);,0,Present,P,2125
16-May-2018,2126,Default,09:30,18:30,,,00:00,00:00,00:00,,0,,0,Absent,A,2126
17-May-2018,2126,Default,09:30,18:30,08:51:13,,00:00,00:00,00:00,,0,08:51:13(in);,0,Present,P,2126
16-May-2018,2127,Default,09:30,18:30,,,00:00,00:00,00:00,,0,,0,Absent,A,2127
17-May-2018,2127,Default,09:30,18:30,,,00:00,00:00,00:00,,0,,0,Absent,A,2127
16-May-2018,2128,Default,09:30,18:30,,,00:00,00:00,00:00,,0,,0,Absent,A,2128
17-May-2018,2128,Default,09:30,18:30,,,00:00,00:00,00:00,,0,,0,Absent,A,2128
16-May-2018,2129,Default,09:30,18:30,,,00:00,00:00,00:00,,0,,0,Absent,A,2129
17-May-2018,2129,Default,09:30,18:30,08:32:27,,00:00,00:00,00:00,,0,08:32:27(in);,0,Present,P,2129
16-May-2018,2144,Default,09:30,18:30,,,00:00,00:00,00:00,,0,,0,Absent,A,2144
17-May-2018,2144,Default,09:30,18:30,,,00:00,00:00,00:00,,0,,0,Absent,A,2144
16-May-2018,2147,Default,09:30,18:30,,,00:00,00:00,00:00,,0,,0,Absent,A,2147
17-May-2018,2147,Default,09:30,18:30,,,00:00,00:00,00:00,,0,,0,Absent,A,2147
16-May-2018,2148,Default,09:30,18:30,09:00:03,21:37:47,09:00,00:00,00:00,,0,09:00:03(in);21:37:47(in);,218,Present,P,2148
17-May-2018,2148,Default,09:30,18:30,09:01:32,,00:00,00:00,00:00,,0,09:01:32(in);,0,Present,P,2148
16-May-2018,2149,Default,09:30,18:30,08:37:44,21:24:30,09:00,00:00,00:00,,0,08:37:44(in);21:24:30(in);,227,Present,P,2149
17-May-2018,2149,Default,09:30,18:30,08:42:52,,00:00,00:00,00:00,,0,08:42:52(in);,0,Present,P,2149
16-May-2018,2150,Default,09:30,18:30,09:05:31,20:55:52,09:00,00:00,00:00,,0,09:05:31(in);20:55:52(in);,170,Present,P,2150
17-May-2018,2150,Default,09:30,18:30,09:05:18,,00:00,00:00,00:00,,0,09:05:18(in);,0,Present,P,2150
16-May-2018,2151,Default,09:30,18:30,,,00:00,00:00,00:00,,0,,0,Absent,A,2151
17-May-2018,2151,Default,09:30,18:30,,,00:00,00:00,00:00,,0,,0,Absent,A,2151
16-May-2018,2152,Default,09:30,18:30,,,00:00,00:00,00:00,,0,,0,Absent,A,2152
17-May-2018,2152,Default,09:30,18:30,,,00:00,00:00,00:00,,0,,0,Absent,A,2152
16-May-2018,2153,Default,09:30,18:30,,,00:00,00:00,00:00,,0,,0,Absent,A,2153
17-May-2018,2153,Default,09:30,18:30,,,00:00,00:00,00:00,,0,,0,Absent,A,2153
16-May-2018,2154,Default,09:30,18:30,,,00:00,00:00,00:00,,0,,0,Absent,A,2154
17-May-2018,2154,Default,09:30,18:30,,,00:00,00:00,00:00,,0,,0,Absent,A,2154
16-May-2018,2155,Default,09:30,18:30,,,00:00,00:00,00:00,,0,,0,Absent,A,2155
17-May-2018,2155,Default,09:30,18:30,,,00:00,00:00,00:00,,0,,0,Absent,A,2155
16-May-2018,2156,Default,09:30,18:30,,,00:00,00:00,00:00,,0,,0,Absent,A,2156
17-May-2018,2156,Default,09:30,18:30,,,00:00,00:00,00:00,,0,,0,Absent,A,2156
16-May-2018,2157,Default,09:30,18:30,08:38:18,18:00:36,09:00,00:00,00:29,,0,08:38:18(in);18:00:36(in);,22,Present,P,2157
17-May-2018,2157,Default,09:30,18:30,08:39:13,13:31:04,04:52,00:00,04:59,,0,08:39:13(in);13:31:04(in);,0,1/2Present,1/2P,2157
16-May-2018,2158,Default,09:30,18:30,08:52:19,20:26:36,09:00,00:00,00:00,,0,08:52:19(in);20:26:36(in);,154,Present,P,2158
17-May-2018,2158,Default,09:30,18:30,08:58:34,,00:00,00:00,00:00,,0,08:58:34(in);,0,Present,P,2158
16-May-2018,2159,Default,09:30,18:30,,,00:00,00:00,00:00,,0,,0,Absent,A,2159
17-May-2018,2159,Default,09:30,18:30,,,00:00,00:00,00:00,,0,,0,Absent,A,2159
16-May-2018,2160,Default,09:30,18:30,09:26:47,18:33:55,09:00,00:00,00:00,,0,09:26:47(in);18:33:55(in);,0,Present,P,2160
17-May-2018,2160,Default,09:30,18:30,08:52:55,,00:00,00:00,00:00,,0,08:52:55(in);,0,Present,P,2160
16-May-2018,2161,Default,09:30,18:30,08:49:33,18:43:41,09:00,00:00,00:00,,0,08:49:33(in);18:43:41(in);,54,Present,P,2161
17-May-2018,2161,Default,09:30,18:30,08:58:38,,00:00,00:00,00:00,,0,08:58:38(in);,0,Present,P,2161
16-May-2018,2162,Default,09:30,18:30,08:58:36,17:44:57,08:46,00:00,00:45,,0,08:58:36(in);17:44:57(in);,0,Present,P,2162
17-May-2018,2162,Default,09:30,18:30,08:58:19,,00:00,00:00,00:00,,0,08:58:19(in);,0,Present,P,2162
16-May-2018,2163,Default,09:30,18:30,09:05:22,18:39:28,09:00,00:00,00:00,,0,09:05:22(in);18:39:28(in);,34,Present,P,2163
17-May-2018,2163,Default,09:30,18:30,08:53:29,,00:00,00:00,00:00,,0,08:53:29(in);,0,Present,P,2163
16-May-2018,2164,Default,09:30,18:30,,,00:00,00:00,00:00,,0,,0,Absent,A,2164
17-May-2018,2164,Default,09:30,18:30,,,00:00,00:00,00:00,,0,,0,Absent,A,2164
16-May-2018,2165,Default,09:30,18:30,,,00:00,00:00,00:00,,0,,0,Absent,A,2165
17-May-2018,2165,Default,09:30,18:30,,,00:00,00:00,00:00,,0,,0,Absent,A,2165
16-May-2018,2166,Default,09:30,18:30,08:40:10,18:45:17,09:00,00:00,00:00,,0,08:40:10(in);18:45:17(in);,65,Present,P,2166
17-May-2018,2166,Default,09:30,18:30,,,00:00,00:00,00:00,,0,,0,Absent,A,2166
16-May-2018,2167,Default,09:30,18:30,,,00:00,00:00,00:00,,0,,0,Absent,A,2167
17-May-2018,2167,Default,09:30,18:30,,,00:00,00:00,00:00,,0,,0,Absent,A,2167
